-- MySQL dump 10.13  Distrib 5.6.23, for Win64 (x86_64)
--
-- Host: 127.0.0.1    Database: medipro
-- ------------------------------------------------------
-- Server version	5.6.24-log

/*!40101 SET @OLD_CHARACTER_SET_CLIENT=@@CHARACTER_SET_CLIENT */;
/*!40101 SET @OLD_CHARACTER_SET_RESULTS=@@CHARACTER_SET_RESULTS */;
/*!40101 SET @OLD_COLLATION_CONNECTION=@@COLLATION_CONNECTION */;
/*!40101 SET NAMES utf8 */;
/*!40103 SET @OLD_TIME_ZONE=@@TIME_ZONE */;
/*!40103 SET TIME_ZONE='+00:00' */;
/*!40014 SET @OLD_UNIQUE_CHECKS=@@UNIQUE_CHECKS, UNIQUE_CHECKS=0 */;
/*!40014 SET @OLD_FOREIGN_KEY_CHECKS=@@FOREIGN_KEY_CHECKS, FOREIGN_KEY_CHECKS=0 */;
/*!40101 SET @OLD_SQL_MODE=@@SQL_MODE, SQL_MODE='NO_AUTO_VALUE_ON_ZERO' */;
/*!40111 SET @OLD_SQL_NOTES=@@SQL_NOTES, SQL_NOTES=0 */;

--
-- Table structure for table `sys_log`
--

DROP TABLE IF EXISTS `sys_log`;
/*!40101 SET @saved_cs_client     = @@character_set_client */;
/*!40101 SET character_set_client = utf8 */;
CREATE TABLE `sys_log` (
  `tranID` int(11) NOT NULL AUTO_INCREMENT,
  `LogInID` int(11) NOT NULL,
  `WhichFunction` varchar(50) DEFAULT NULL,
  `Description` varchar(500) DEFAULT NULL,
  `LogDateTime` datetime(6) DEFAULT NULL,
  PRIMARY KEY (`tranID`)
) ENGINE=InnoDB AUTO_INCREMENT=9587 DEFAULT CHARSET=utf8;
/*!40101 SET character_set_client = @saved_cs_client */;

--
-- Dumping data for table `sys_log`
--

LOCK TABLES `sys_log` WRITE;
/*!40000 ALTER TABLE `sys_log` DISABLE KEYS */;
INSERT INTO `sys_log` VALUES (1,4,'Login','Login','2014-08-14 11:38:59.623000'),(2,4,'Logout','Logout','2014-08-14 11:39:55.877000'),(3,4,'Login','Login','2014-08-14 21:36:02.787000'),(4,4,'Login','Login','2014-08-14 21:37:21.220000'),(5,4,'Login','Login','2014-08-14 21:39:32.973000'),(6,4,'Login','Login','2014-08-14 23:42:59.267000'),(7,4,'Login','Login','2014-08-14 23:44:16.247000'),(8,4,'Login','Login','2014-08-14 23:45:12.150000'),(9,4,'Login','Login','2014-08-14 23:58:48.560000'),(10,4,'Login','Login','2014-08-15 11:31:27.647000'),(11,4,'Login','Login','2014-08-15 12:02:48.150000'),(12,4,'Login','Login','2014-08-15 12:04:27.280000'),(13,4,'Login','Login','2014-08-15 12:06:18.727000'),(14,4,'Login','Login','2014-08-15 12:07:25.013000'),(15,4,'Login','Login','2014-08-15 12:27:56.810000'),(16,4,'Login','Login','2014-08-15 12:30:40.427000'),(17,4,'Login','Login','2014-08-15 12:36:19.497000'),(18,4,'Login','Login','2014-08-15 12:46:02.400000'),(19,4,'Login','Login','2014-08-15 12:52:19.210000'),(20,4,'Login','Login','2014-08-15 12:54:50.553000'),(21,4,'Login','Login','2014-08-15 12:56:01.343000'),(22,4,'Login','Login','2014-08-15 12:57:32.047000'),(23,4,'Login','Login','2014-08-15 12:59:20.897000'),(24,4,'Login','Login','2014-08-15 13:02:16.167000'),(25,4,'Login','Login','2014-08-15 16:37:09.790000'),(26,4,'Login','Login','2014-08-15 16:40:07.653000'),(27,4,'Login','Login','2014-08-15 16:49:49.480000'),(28,4,'Logout','Logout','2014-08-15 16:51:30.153000'),(1028,4,'Login','Login','2014-08-16 11:57:54.463000'),(1029,4,'Login','Login','2014-08-16 11:59:10.730000'),(1030,4,'Login','Login','2014-08-16 12:00:05.867000'),(1031,4,'Login','Login','2014-08-16 12:02:11.987000'),(1032,4,'Login','Login','2014-08-16 12:07:27.073000'),(1033,4,'Login','Login','2014-08-16 12:11:32.617000'),(1034,4,'Login','Login','2014-08-16 12:17:47.313000'),(1035,4,'Login','Login','2014-08-16 12:20:34.640000'),(1036,4,'Login','Login','2014-08-16 12:28:07.327000'),(1037,4,'Login','Login','2014-08-17 10:44:12.187000'),(1038,4,'Login','Login','2014-08-17 10:45:34.763000'),(1039,4,'Login','Login','2014-08-17 11:23:51.317000'),(1040,4,'Logout','Logout','2014-08-17 11:25:59.497000'),(1041,5,'Login','Login','2014-08-17 11:26:11.277000'),(1042,5,'Login','Login','2014-08-17 11:30:53.507000'),(1043,5,'Login','Login','2014-08-17 12:54:59.647000'),(1044,4,'Login','Login','2014-08-17 12:57:46.547000'),(1045,4,'Logout','Logout','2014-08-17 13:00:06.360000'),(1046,6,'Login','Login','2014-08-17 13:00:13.607000'),(1047,6,'Login','Login','2014-08-17 13:03:15.347000'),(1048,6,'Logout','Logout','2014-08-17 13:03:37.227000'),(1049,4,'Login','Login','2014-08-17 13:17:05.117000'),(1050,4,'Login','Login','2014-08-17 13:21:40.490000'),(1051,4,'Login','Login','2014-08-17 13:24:17.703000'),(1052,4,'Login','Login','2014-08-17 16:31:26.907000'),(1053,4,'Login','Login','2014-08-17 16:33:49.380000'),(1054,4,'Login','Login','2014-08-17 16:38:14.607000'),(1055,4,'Login','Login','2014-08-17 16:42:00.340000'),(1056,4,'Login','Login','2014-08-17 16:43:59.847000'),(1057,4,'Login','Login','2014-08-17 16:46:24.770000'),(1058,4,'Login','Login','2014-08-17 16:49:32.637000'),(1059,4,'Login','Login','2014-08-17 16:53:30.413000'),(1060,4,'Login','Login','2014-08-17 16:58:04.727000'),(1061,4,'Login','Login','2014-08-17 16:58:59.413000'),(1062,4,'Login','Login','2014-08-17 17:04:03.107000'),(1063,4,'Login','Login','2014-08-17 17:58:26.380000'),(1064,4,'Login','Login','2014-08-17 17:59:20.613000'),(1065,4,'Login','Login','2014-08-17 18:14:21.420000'),(1066,4,'Login','Login','2014-08-17 18:17:18.463000'),(1067,4,'Login','Login','2014-08-17 18:25:06.463000'),(1068,4,'Login','Login','2014-08-17 18:27:32.030000'),(1069,4,'Login','Login','2014-08-18 10:08:21.663000'),(1070,4,'Login','Login','2014-08-18 10:10:43.033000'),(1071,4,'Login','Login','2014-08-18 10:14:06.317000'),(1072,4,'Login','Login','2014-08-18 10:26:49.097000'),(1073,4,'Login','Login','2014-08-18 10:30:26.447000'),(1074,4,'Login','Login','2014-08-18 10:35:05.093000'),(1075,4,'Login','Login','2014-08-18 10:37:02.887000'),(1076,4,'Login','Login','2014-08-18 10:39:23.863000'),(1077,4,'Login','Login','2014-08-18 10:48:40.983000'),(1078,4,'Login','Login','2014-08-18 10:50:53.187000'),(1079,4,'Login','Login','2014-08-18 11:23:36.037000'),(1080,4,'Login','Login','2014-08-18 11:57:40.647000'),(1081,4,'Login','Login','2014-08-18 11:59:14.083000'),(1082,4,'Login','Login','2014-08-18 20:01:51.973000'),(1083,4,'Logout','Logout','2014-08-18 20:02:04.377000'),(1084,4,'Login','Login','2014-08-18 20:02:16.680000'),(1085,4,'4','Viewing','2014-08-18 20:02:41.170000'),(1086,4,'Login','Login','2014-08-18 20:05:50.060000'),(1087,4,'4','Viewing','2014-08-18 20:06:07.003000'),(1088,4,'Login','Login','2014-08-18 20:08:16.490000'),(1089,4,'4','Viewing','2014-08-18 20:08:39.187000'),(1090,4,'Login','Login','2014-08-19 04:29:03.183000'),(1091,4,'4','Viewing','2014-08-19 04:29:19.597000'),(1092,4,'Login','Login','2014-08-19 05:05:37.407000'),(1093,4,'Login','Login','2014-08-19 05:08:13.463000'),(1094,4,'Login','Login','2014-08-19 05:43:02.680000'),(1095,4,'4','Viewing','2014-08-19 05:43:22.860000'),(1096,4,'Login','Login','2014-08-19 05:43:53.180000'),(1097,4,'4','Viewing','2014-08-19 05:44:04.217000'),(1098,4,'Login','Login','2014-08-19 05:58:19.990000'),(1099,4,'4','Viewing','2014-08-19 05:58:41.147000'),(1100,4,'Login','Login','2014-08-19 06:02:39.483000'),(1101,4,'4','Viewing','2014-08-19 06:02:48.707000'),(1102,4,'Login','Login','2014-08-19 06:07:59.277000'),(1103,4,'4','Viewing','2014-08-19 06:08:54.900000'),(1104,4,'Login','Login','2014-08-19 10:33:15.283000'),(1105,4,'4','Viewing','2014-08-19 10:33:30.423000'),(1106,4,'Login','Login','2014-08-19 10:38:26.250000'),(1107,4,'4','Viewing','2014-08-19 10:38:38.813000'),(1108,4,'Login','Login','2014-08-19 10:40:00.953000'),(1109,4,'Login','Login','2014-08-19 10:47:38.800000'),(1110,4,'4','Viewing','2014-08-19 11:25:38.033000'),(1111,4,'Login','Login','2014-08-19 14:05:09.210000'),(1112,4,'4','Viewing Patients Info','2014-08-19 14:08:38.503000'),(1113,4,'Login','Login','2014-08-19 16:21:27.257000'),(1114,4,'4','Viewing Patients Info','2014-08-19 16:22:10.680000'),(1115,4,'Login','Login','2014-08-19 16:40:44.223000'),(1116,4,'4','Viewing Patients Info','2014-08-19 16:40:59.120000'),(1117,4,'Login','Login','2014-08-19 16:41:48.627000'),(1118,4,'Login','Login','2014-08-19 16:44:28.583000'),(1119,4,'Login','Login','2014-08-19 16:45:32.910000'),(1120,4,'4','Viewing Patients Info','2014-08-19 16:47:43.533000'),(1121,4,'Login','Login','2014-08-19 16:52:24.830000'),(1122,4,'4','Viewing Patients Info','2014-08-19 16:52:39.843000'),(1123,4,'Login','Login','2014-08-19 17:10:03.717000'),(1124,4,'Login','Login','2014-08-19 17:44:34.570000'),(1125,4,'Login','Login','2014-08-19 18:15:51.337000'),(1126,4,'Login','Login','2014-08-19 21:41:11.137000'),(1127,4,'Login','Login','2014-08-19 21:47:11.327000'),(1128,4,'Login','Login','2014-08-19 21:52:17.387000'),(1129,4,'Login','Login','2014-08-19 21:54:26.353000'),(1130,4,'4','Register New Patient','2014-08-19 21:56:40.457000'),(1131,4,'4','Viewing Patients Info','2014-08-19 21:57:03.767000'),(1132,4,'Login','Login','2014-08-19 22:10:02.877000'),(1133,4,'4','Viewing Patients Info','2014-08-19 22:10:10.093000'),(1134,4,'4','Viewing Patients Info','2014-08-19 22:10:27.793000'),(1135,4,'Login','Login','2014-08-19 22:12:11.213000'),(1136,4,'4','Viewing Patients Info','2014-08-19 22:12:54.107000'),(1137,4,'Login','Login','2014-08-19 22:34:21.267000'),(1138,4,'Login','Login','2014-08-19 22:40:15.217000'),(1139,4,'4','Viewing Patients Info','2014-08-19 22:41:57.727000'),(1140,4,'Login','Login','2014-08-19 22:47:00.407000'),(1141,4,'Login','Login','2014-08-19 22:50:53.653000'),(1142,4,'4','Viewing Patients Info','2014-08-19 22:51:32.707000'),(1143,4,'Login','Login','2014-08-19 22:54:24.083000'),(1144,4,'4','Viewing Patients Info','2014-08-19 22:55:30.673000'),(1145,4,'Login','Login','2014-08-19 22:56:59.643000'),(1146,4,'4','Register New Patient','2014-08-19 22:57:56.097000'),(1147,4,'Login','Login','2014-08-19 23:02:20.163000'),(1148,4,'Login','Login','2014-08-19 23:04:31.187000'),(1149,4,'4','Update Patient Info','2014-08-19 23:04:58.913000'),(1150,4,'4','Viewing Patients Info','2014-08-19 23:05:44.397000'),(1151,4,'4','Update Patient Info','2014-08-19 23:06:05.030000'),(1152,4,'4','Viewing Patients Info','2014-08-19 23:06:12.070000'),(1153,4,'Login','Login','2014-08-20 06:04:05.780000'),(1154,4,'Login','Login','2014-08-20 06:07:10.753000'),(1155,4,'Login','Login','2014-08-20 06:08:24.367000'),(1156,4,'Login','Login','2014-08-20 06:10:02.130000'),(1157,4,'Login','Login','2014-08-20 06:11:53.390000'),(1158,4,'4','Update Patient Info','2014-08-20 06:12:24.507000'),(1159,4,'4','Update Patient Info','2014-08-20 06:12:48.920000'),(1160,4,'4','Viewing Patients Info','2014-08-20 06:14:47.647000'),(1161,4,'Login','Login','2014-08-20 06:16:34.227000'),(1162,4,'4','Viewing Patients Info','2014-08-20 06:19:28.707000'),(1163,4,'Login','Login','2014-08-20 06:21:13.813000'),(1164,4,'4','Detail View Patient Info.','2014-08-20 06:21:46.840000'),(1165,4,'4','Viewing Patients Info','2014-08-20 06:21:47.633000'),(1166,4,'Login','Login','2014-08-20 06:23:17.653000'),(1167,4,'4','Detail View Patient Info.','2014-08-20 06:23:59.680000'),(1168,4,'4','Viewing Patients Info','2014-08-20 06:24:04.863000'),(1169,4,'6','Viewing','2014-08-20 06:24:29.750000'),(1170,4,'Login','Login','2014-08-20 07:47:56.437000'),(1171,4,'4','Update Patient Info','2014-08-20 07:48:46.070000'),(1172,4,'4','Edit Patient Info.','2014-08-20 07:48:48.317000'),(1173,4,'4','Viewing Patients Info','2014-08-20 07:48:49.167000'),(1174,4,'Login','Login','2014-08-20 08:34:53.067000'),(1175,4,'4','Viewing Patients Info','2014-08-20 08:35:12.517000'),(1176,4,'Login','Login','2014-08-20 08:37:48.477000'),(1177,4,'4','Viewing Patients Info','2014-08-20 08:38:03.767000'),(1178,4,'Login','Login','2014-08-20 09:16:40.983000'),(1179,4,'Login','Login','2014-08-20 09:18:15.657000'),(1180,4,'4','Viewing Patients Info','2014-08-20 09:19:31.190000'),(1181,4,'Login','Login','2014-08-20 12:19:25.257000'),(1182,4,'6','Viewing','2014-08-20 12:20:49.813000'),(1183,4,'Login','Login','2014-08-20 12:21:41.030000'),(1184,4,'Login','Login','2014-08-20 12:22:59.133000'),(1185,4,'Login','Login','2014-08-20 12:25:33.487000'),(1186,4,'Login','Login','2014-08-20 12:32:38.380000'),(1187,4,'Login','Login','2014-08-20 12:33:57.037000'),(1188,4,'6','Add New Specialize.','2014-08-20 12:34:06.417000'),(1189,4,'6','Update Specialize.','2014-08-20 12:34:15.530000'),(1190,4,'6','Update Specialize.','2014-08-20 12:34:31.360000'),(1191,4,'6','Viewing','2014-08-20 12:34:44.103000'),(1192,4,'Login','Login','2014-08-20 15:25:16.533000'),(1193,4,'5','Viewing Doctor Info','2014-08-20 15:25:21.417000'),(1194,4,'Login','Login','2014-08-20 15:26:44.827000'),(1195,4,'Login','Login','2014-08-20 15:27:30.947000'),(1196,4,'5','Viewing Doctor Info','2014-08-20 15:27:49.830000'),(1197,4,'Login','Login','2014-08-20 15:28:56.493000'),(1198,4,'Login','Login','2014-08-20 15:31:16.463000'),(1199,4,'Login','Login','2014-08-20 15:33:14.987000'),(1200,4,'Login','Login','2014-08-20 15:35:08.260000'),(1201,4,'Login','Login','2014-08-20 15:35:47.857000'),(1202,4,'5','Add New Doctor.','2014-08-20 15:36:18.913000'),(1203,4,'Login','Login','2014-08-20 15:42:58.423000'),(1204,4,'5','Viewing Doctor Info','2014-08-20 15:43:15.493000'),(1205,4,'Login','Login','2014-08-20 15:46:06.907000'),(1206,4,'Login','Login','2014-08-20 15:46:56.633000'),(1207,4,'Login','Login','2014-08-20 15:50:54.167000'),(1208,4,'5','Update Doctor.','2014-08-20 15:51:12.330000'),(1209,4,'5','Edit Patient Info.','2014-08-20 15:51:15.977000'),(1210,4,'5','Viewing Doctor Info','2014-08-20 15:51:24.827000'),(1211,4,'5','Update Doctor.','2014-08-20 15:52:24.477000'),(1212,4,'5','Edit Patient Info.','2014-08-20 15:52:28.630000'),(1213,4,'5','Viewing Doctor Info','2014-08-20 15:52:30.193000'),(1214,4,'Login','Login','2014-08-20 15:54:15.723000'),(1215,4,'5','Update Doctor.','2014-08-20 15:55:11.597000'),(1216,4,'5','Edit Patient Info.','2014-08-20 15:55:15.790000'),(1217,4,'5','Add New Doctor.','2014-08-20 15:55:42.907000'),(1218,4,'5','Viewing Doctor Info','2014-08-20 15:55:55.373000'),(1219,4,'Login','Login','2014-08-20 16:37:20.163000'),(1220,4,'4','Update Patient Info','2014-08-20 16:38:59.780000'),(1221,4,'4','Edit Patient Info.','2014-08-20 16:39:04.860000'),(1222,4,'4','Edit Patient Info.','2014-08-20 16:39:36.550000'),(1223,4,'4','Viewing Patients Info','2014-08-20 16:39:44.977000'),(1224,4,'Login','Login','2014-08-20 16:44:29.930000'),(1225,4,'2','Viewing User Level Info.','2014-08-20 16:45:02.917000'),(1226,4,'2','Viewing User Level Info.','2014-08-20 16:45:43.593000'),(1227,4,'1','Viewing User Info.','2014-08-20 16:47:17.510000'),(1228,4,'1','Add New User','2014-08-20 16:50:29.693000'),(1229,4,'1','Update User Info.','2014-08-20 16:51:48.283000'),(1230,4,'2','Viewing User Level Info.','2014-08-20 16:53:31.317000'),(1231,4,'Logout','Logout','2014-08-20 16:55:13.173000'),(1232,7,'Login','Login','2014-08-20 16:55:21.137000'),(1233,7,'Logout','Logout','2014-08-20 16:56:50.727000'),(1234,4,'Login','Login','2014-08-20 16:56:57.120000'),(1235,4,'2','Viewing User Level Info.','2014-08-20 16:57:18.847000'),(1236,4,'2','Viewing User Level Info.','2014-08-20 16:58:27.820000'),(1237,4,'4','Register New Patient','2014-08-20 17:05:37.010000'),(1238,4,'4','Edit Patient Info.','2014-08-20 17:08:26.550000'),(1239,4,'4','Viewing Patients Info','2014-08-20 17:10:06.117000'),(1240,4,'6','Viewing','2014-08-20 17:14:28.077000'),(1241,4,'5','Viewing Doctor Info','2014-08-20 17:20:43.487000'),(1242,4,'Login','Login','2014-08-20 17:21:50.610000'),(1243,4,'5','Viewing Doctor Info','2014-08-20 17:22:16.220000'),(1244,4,'Login','Login','2014-08-20 17:23:24.113000'),(1245,4,'4','Edit Patient Info.','2014-08-20 17:24:24.220000'),(1246,4,'4','Detail View Patient Info.','2014-08-20 17:25:02.543000'),(1247,4,'4','Viewing Patients Info','2014-08-20 17:25:19.293000'),(1248,4,'Login','Login','2014-08-20 17:26:05.420000'),(1249,4,'4','Edit Patient Info.','2014-08-20 17:26:41.020000'),(1250,4,'4','Detail View Patient Info.','2014-08-20 17:28:13.697000'),(1251,4,'4','Viewing Patients Info','2014-08-20 17:28:15.237000'),(1252,4,'1','Viewing User Info.','2014-08-20 17:29:11.617000'),(1253,4,'1','Add New User','2014-08-20 17:30:39.817000'),(1254,4,'Logout','Logout','2014-08-20 17:31:14.083000'),(1255,8,'Login','Login','2014-08-20 17:31:35.887000'),(1256,8,'2','Viewing User Level Info.','2014-08-20 17:31:49.693000'),(1257,8,'4','Viewing Patients Info','2014-08-20 17:33:38.190000'),(1258,8,'Logout','Logout','2014-08-20 17:34:22.147000'),(1259,4,'Login','Login','2014-08-20 17:45:16.237000'),(1260,4,'4','Viewing Patients Info','2014-08-20 17:48:41.330000'),(1261,4,'4','Viewing Patients Info','2014-08-20 17:49:38.200000'),(1262,4,'Login','Login','2014-08-20 17:50:01.923000'),(1263,4,'4','Viewing Patients Info','2014-08-20 17:51:14.177000'),(2238,4,'Login','Login','2014-08-21 10:15:51.033000'),(2239,4,'4','Viewing Patients Info','2014-08-21 10:16:59.263000'),(2240,4,'Login','Login','2014-08-21 11:48:57.827000'),(2241,4,'4','Viewing Patients Info','2014-08-21 11:49:17.027000'),(2242,4,'Login','Login','2014-08-21 11:50:04.637000'),(2243,4,'4','Viewing Patients Info','2014-08-21 11:50:16.083000'),(2244,4,'Login','Login','2014-08-21 17:27:11.953000'),(2245,4,'4','Viewing Patients Info','2014-08-21 17:27:54.560000'),(2246,4,'Login','Login','2014-08-21 17:29:13.183000'),(2247,4,'4','Viewing Patients Info','2014-08-21 17:30:13.830000'),(2248,4,'Login','Login','2014-08-21 17:34:31.173000'),(2249,4,'4','Viewing Patients Info','2014-08-21 17:36:05.777000'),(3238,4,'Login','Login','2014-08-22 17:56:32.410000'),(3239,4,'5','Viewing Doctor Info','2014-08-22 17:57:08.570000'),(3240,4,'Login','Login','2014-08-22 17:57:35.203000'),(3241,4,'5','Edit Patient Info.','2014-08-22 17:58:10.087000'),(3242,4,'5','Edit Patient Info.','2014-08-22 17:58:26.170000'),(3243,4,'5','Edit Patient Info.','2014-08-22 17:58:29.080000'),(3244,4,'5','Edit Patient Info.','2014-08-22 17:58:34.497000'),(3245,4,'5','Edit Patient Info.','2014-08-22 17:58:37.353000'),(3246,4,'5','Edit Patient Info.','2014-08-22 17:58:41.287000'),(3247,4,'5','Edit Patient Info.','2014-08-22 17:58:44.377000'),(3248,4,'5','Viewing Doctor Info','2014-08-22 17:58:45.567000'),(3249,4,'Login','Login','2014-08-22 17:59:34.553000'),(3250,4,'5','Edit Patient Info.','2014-08-22 17:59:45.507000'),(3251,4,'5','Edit Patient Info.','2014-08-22 17:59:48.290000'),(3252,4,'5','Edit Patient Info.','2014-08-22 17:59:53.080000'),(3253,4,'5','Edit Patient Info.','2014-08-22 17:59:59.490000'),(3254,4,'5','Viewing Doctor Info','2014-08-22 18:00:01.893000'),(3255,4,'Login','Login','2014-08-22 18:29:58.100000'),(3256,4,'5','Edit Patient Info.','2014-08-22 18:30:09.387000'),(3257,4,'5','Edit Patient Info.','2014-08-22 18:30:11.377000'),(3258,4,'5','Edit Patient Info.','2014-08-22 18:30:14.400000'),(3259,4,'5','Edit Patient Info.','2014-08-22 18:30:18.233000'),(3260,4,'5','Viewing Doctor Info','2014-08-22 18:30:19.323000'),(3261,4,'Login','Login','2014-08-22 18:39:39.107000'),(3262,4,'5','Edit Patient Info.','2014-08-22 18:39:52.450000'),(3263,4,'5','Edit Patient Info.','2014-08-22 18:40:43.247000'),(3264,4,'5','Edit Patient Info.','2014-08-22 18:43:31.093000'),(3265,4,'Login','Login','2014-08-22 18:50:04.213000'),(3266,4,'5','Edit Patient Info.','2014-08-22 18:50:13.453000'),(3267,4,'5','Edit Patient Info.','2014-08-22 18:51:21.540000'),(3268,4,'5','Viewing Doctor Info','2014-08-22 18:51:58.630000'),(3269,4,'Login','Login','2014-08-22 18:53:17.270000'),(3270,4,'5','Edit Patient Info.','2014-08-22 18:53:39.140000'),(3271,4,'5','Edit Patient Info.','2014-08-22 18:54:18.097000'),(3272,4,'5','Viewing Doctor Info','2014-08-22 18:54:56.863000'),(3273,4,'Login','Login','2014-08-22 18:55:46.127000'),(3274,4,'Login','Login','2014-08-22 18:56:30.263000'),(3275,4,'5','Edit Patient Info.','2014-08-22 18:56:48.253000'),(3276,4,'5','Viewing Doctor Info','2014-08-22 18:56:54.510000'),(3277,4,'Login','Login','2014-08-22 18:57:41.117000'),(3278,4,'5','Edit Patient Info.','2014-08-22 18:57:55.887000'),(3279,4,'5','Viewing Doctor Info','2014-08-22 18:58:03.263000'),(3280,4,'5','Edit Patient Info.','2014-08-22 18:58:31.847000'),(3281,4,'Login','Login','2014-08-22 19:02:21.060000'),(3282,4,'5','Viewing Doctor Info','2014-08-22 19:02:36.617000'),(3283,4,'Login','Login','2014-08-22 19:05:26.043000'),(3284,4,'5','Viewing Doctor Info','2014-08-22 19:06:12.293000'),(3285,4,'Login','Login','2014-08-22 19:06:53.243000'),(3286,4,'5','Viewing Doctor Info','2014-08-22 19:07:53.487000'),(3287,4,'Login','Login','2014-08-22 19:14:07.203000'),(3288,4,'5','Edit Patient Info.','2014-08-22 19:14:24.030000'),(3289,4,'5','Viewing Doctor Info','2014-08-22 19:15:03.513000'),(3290,4,'5','Edit Patient Info.','2014-08-22 19:15:24.043000'),(3291,4,'5','Edit Patient Info.','2014-08-22 19:15:26.733000'),(3292,4,'5','Edit Patient Info.','2014-08-22 19:15:29.390000'),(3293,4,'5','Viewing Doctor Info','2014-08-22 19:15:30.450000'),(3294,4,'Login','Login','2014-08-22 19:25:20.373000'),(3295,4,'4','Edit Patient Info.','2014-08-22 19:25:31.390000'),(3296,4,'4','Edit Patient Info.','2014-08-22 19:25:34.010000'),(3297,4,'4','Edit Patient Info.','2014-08-22 19:25:37.020000'),(3298,4,'4','Viewing Patients Info','2014-08-22 19:29:23.777000'),(3299,4,'4','Edit Patient Info.','2014-08-22 19:31:06.067000'),(3300,4,'4','Viewing Patients Info','2014-08-22 19:31:06.603000'),(3301,4,'Login','Login','2014-08-22 21:01:44.383000'),(3302,4,'4','Update Patient Info','2014-08-22 21:02:09.197000'),(3303,4,'4','Edit Patient Info.','2014-08-22 21:02:12.623000'),(3304,4,'4','Update Patient Info','2014-08-22 21:02:24.843000'),(3305,4,'4','Edit Patient Info.','2014-08-22 21:02:27.600000'),(3306,4,'4','Edit Patient Info.','2014-08-22 21:02:54.797000'),(3307,4,'4','Viewing Patients Info','2014-08-22 21:02:55.523000'),(3308,4,'Login','Login','2014-08-22 21:04:03.203000'),(3309,4,'4','Update Patient Info','2014-08-22 21:04:14.980000'),(3310,4,'4','Edit Patient Info.','2014-08-22 21:04:17.053000'),(3311,4,'Login','Login','2014-08-22 21:09:09.130000'),(3312,4,'4','Update Patient Info','2014-08-22 21:09:22.073000'),(3313,4,'4','Edit Patient Info.','2014-08-22 21:09:24.613000'),(3314,4,'4','Edit Patient Info.','2014-08-22 21:09:27.820000'),(3315,4,'4','Viewing Patients Info','2014-08-22 21:09:28.463000'),(3316,4,'Login','Login','2014-08-23 10:01:48.527000'),(3317,4,'Login','Login','2014-08-23 11:17:13.660000'),(3318,4,'Login','Login','2014-08-23 11:20:45.977000'),(3319,4,'4','Update Patient Info','2014-08-23 11:21:11.940000'),(3320,4,'4','Edit Patient Info.','2014-08-23 11:21:15.363000'),(3321,4,'4','Edit Patient Info.','2014-08-23 11:21:18.540000'),(3322,4,'4','Viewing Patients Info','2014-08-23 11:21:19.290000'),(3323,4,'Login','Login','2014-08-23 11:34:52.063000'),(3324,4,'4','Edit Patient Info.','2014-08-23 11:35:14.663000'),(3325,4,'4','Viewing Patients Info','2014-08-23 11:35:15.233000'),(3326,4,'Login','Login','2014-08-23 11:46:17.900000'),(3327,4,'6','Add New Title.','2014-08-23 11:46:36.997000'),(3328,4,'6','Viewing','2014-08-23 11:47:06.813000'),(3329,4,'Login','Login','2014-08-24 16:56:10.877000'),(3330,4,'Login','Login','2014-08-24 16:57:02.320000'),(3331,4,'10','Viewing','2014-08-24 16:57:11.873000'),(3332,4,'Login','Login','2014-08-24 16:58:00.007000'),(3333,4,'Login','Login','2014-08-24 17:01:05.150000'),(3334,4,'10','Viewing','2014-08-24 17:01:35.537000'),(3335,4,'Login','Login','2014-08-24 18:04:47.513000'),(3336,4,'Login','Login','2014-08-24 18:06:47.740000'),(3337,4,'Login','Login','2014-08-24 18:08:38.867000'),(3338,4,'Login','Login','2014-08-24 18:10:09.347000'),(3339,4,'Login','Login','2014-08-24 18:11:34.867000'),(3340,4,'11','Add New Position.','2014-08-24 18:11:42.417000'),(3341,4,'11','Add New Position.','2014-08-24 18:12:03.070000'),(3342,4,'11','Viewing','2014-08-24 18:12:10.040000'),(3343,4,'11','Viewing','2014-08-24 18:12:20.973000'),(3344,4,'Login','Login','2014-08-24 18:42:24.013000'),(3345,4,'Login','Login','2014-08-24 18:43:16.313000'),(3346,4,'5','Viewing Doctor Info','2014-08-24 18:43:29.817000'),(3347,4,'5','Viewing Doctor Info','2014-08-24 18:43:37.263000'),(3348,4,'5','Viewing Doctor Info','2014-08-24 18:48:25.990000'),(3349,4,'Login','Login','2014-08-24 19:10:38.877000'),(3350,4,'Login','Login','2014-08-24 19:11:46.453000'),(3351,4,'5','Update Doctor.','2014-08-24 19:11:59.523000'),(3352,4,'5','Edit Doctor Info.','2014-08-24 19:12:01.657000'),(3353,4,'5','Update Doctor.','2014-08-24 19:12:13.967000'),(3354,4,'5','Edit Doctor Info.','2014-08-24 19:12:18.420000'),(3355,4,'5','Viewing Doctor Info','2014-08-24 19:12:24.377000'),(3356,4,'Login','Login','2014-08-24 19:24:25.753000'),(3357,4,'5','Update Doctor.','2014-08-24 19:24:37.470000'),(3358,4,'5','Edit Doctor Info.','2014-08-24 19:24:41.987000'),(3359,4,'5','Viewing Doctor Info','2014-08-24 19:24:43.797000'),(3360,4,'Login','Login','2014-08-24 19:25:27.833000'),(3361,4,'5','Update Doctor.','2014-08-24 19:25:42.847000'),(3362,4,'5','Edit Doctor Info.','2014-08-24 19:25:47.053000'),(3363,4,'5','Viewing Doctor Info','2014-08-24 19:25:55.797000'),(3364,4,'Login','Login','2014-08-24 19:36:08.860000'),(3365,4,'Login','Login','2014-08-24 19:40:10.403000'),(3366,4,'Login','Login','2014-08-24 20:41:40.247000'),(3367,4,'Login','Login','2014-08-24 20:44:57.237000'),(3368,4,'Logout','Logout','2014-08-24 20:44:59.977000'),(3369,4,'Login','Login','2014-08-24 20:54:26.480000'),(3370,4,'Logout','Logout','2014-08-24 20:54:52.257000'),(3371,4,'Login','Login','2014-08-24 20:55:24.983000'),(3372,4,'Login','Login','2014-08-24 21:36:16.197000'),(3373,4,'Login','Login','2014-08-24 21:37:15.530000'),(3374,4,'Login','Login','2014-08-24 21:38:17.497000'),(3375,4,'7','Add New Test Name.','2014-08-24 21:38:32.713000'),(3376,4,'7','Viewing','2014-08-24 21:38:37.440000'),(3377,4,'Login','Login','2014-08-25 06:13:28.543000'),(3378,4,'Login','Login','2014-08-25 06:14:27.903000'),(3379,4,'10','Viewing','2014-08-25 06:14:57.763000'),(3380,4,'Login','Login','2014-08-25 06:17:06.107000'),(3381,4,'10','Viewing','2014-08-25 06:17:16.473000'),(3382,4,'Logout','Logout','2014-08-25 06:17:31.750000'),(3383,4,'Login','Login','2014-08-25 07:18:04.230000'),(3384,4,'1','Viewing User Info.','2014-08-25 07:22:08.843000'),(3385,4,'Login','Login','2014-08-25 07:24:11.433000'),(3386,4,'1','Viewing User Info.','2014-08-25 07:24:17.290000'),(3387,4,'Logout','Logout','2014-08-25 07:25:24.137000'),(3388,4,'Login','Login','2014-08-25 07:25:29.210000'),(3389,4,'Logout','Logout','2014-08-25 07:25:36.553000'),(3390,4,'Login','Login','2014-08-25 07:26:06.130000'),(3391,4,'1','Viewing User Info.','2014-08-25 07:26:09.830000'),(3392,4,'Login','Login','2014-08-25 07:28:01.697000'),(3393,4,'1','Viewing User Info.','2014-08-25 07:28:05.720000'),(3394,4,'1','Viewing User Info.','2014-08-25 07:28:11.683000'),(3395,4,'Login','Login','2014-08-25 07:34:42.380000'),(3396,4,'1','Viewing User Info.','2014-08-25 07:34:45.677000'),(3397,4,'1','Reset Password.','2014-08-25 07:35:34.880000'),(3398,4,'Logout','Logout','2014-08-25 07:35:41.983000'),(3399,4,'Login','Login','2014-08-25 07:35:53.487000'),(3400,4,'Login','Login','2014-08-25 07:41:44.657000'),(3401,4,'1','Viewing User Info.','2014-08-25 07:41:48.343000'),(3402,4,'Login','Login','2014-08-25 08:16:54.730000'),(3403,4,'Login','Login','2014-08-25 08:21:05.293000'),(3404,4,'Login','Login','2014-08-25 08:22:26.420000'),(3405,4,'Login','Login','2014-08-25 08:24:00.313000'),(3406,4,'Login','Login','2014-08-25 08:33:52.097000'),(3407,4,'Login','Login','2014-08-25 08:35:17.243000'),(3408,4,'1','Change Password.','2014-08-25 08:35:40.550000'),(3409,4,'1','Change Password.','2014-08-25 08:35:53.327000'),(3410,4,'Login','Login','2014-08-25 08:49:08.140000'),(3411,4,'1','Change Password.','2014-08-25 08:50:01.663000'),(3412,4,'Logout','Logout','2014-08-25 08:50:10.090000'),(3413,4,'Login','Login','2014-08-25 08:50:14.920000'),(3414,4,'Login','Login','2014-08-25 13:25:11.987000'),(3415,4,'12','Add New diagnosis.','2014-08-25 13:25:31.140000'),(3416,4,'12','Viewing','2014-08-25 13:25:39.990000'),(3417,4,'Login','Login','2014-08-25 14:31:19.823000'),(3418,4,'12','Viewing','2014-08-25 14:31:44.790000'),(3419,4,'Login','Login','2014-08-25 14:41:03.710000'),(3420,4,'12','Viewing','2014-08-25 14:41:09.577000'),(3421,4,'Login','Login','2014-08-25 14:46:24.683000'),(3422,4,'12','Viewing','2014-08-25 14:46:30.630000'),(3423,4,'Login','Login','2014-08-25 14:47:21.213000'),(3424,4,'Login','Login','2014-08-25 15:17:20.413000'),(3425,4,'5','Edit Doctor Info.','2014-08-25 15:18:02.653000'),(3426,4,'5','Viewing Doctor Info','2014-08-25 15:18:03.760000'),(3427,4,'Logout','Logout','2014-08-25 15:18:06.003000'),(3428,4,'Login','Login','2014-08-25 15:20:02.420000'),(3429,4,'Login','Login','2014-08-25 15:45:21.300000'),(3430,4,'5','Update Doctor.','2014-08-25 15:45:51.720000'),(3431,4,'5','Edit Doctor Info.','2014-08-25 15:45:56.750000'),(3432,4,'5','Viewing Doctor Info','2014-08-25 15:46:14.253000'),(3433,4,'Login','Login','2014-08-25 16:23:44.480000'),(3434,4,'5','Edit Doctor Info.','2014-08-25 16:24:07.273000'),(3435,4,'5','Update Doctor.','2014-08-25 16:24:17.940000'),(3436,4,'5','Edit Doctor Info.','2014-08-25 16:24:22.177000'),(3437,4,'5','Update Doctor.','2014-08-25 16:24:45.020000'),(3438,4,'5','Edit Doctor Info.','2014-08-25 16:24:47.610000'),(3439,4,'5','Edit Doctor Info.','2014-08-25 16:25:10.593000'),(3440,4,'5','Viewing Doctor Info','2014-08-25 16:26:00.450000'),(3441,4,'Login','Login','2014-08-27 05:02:19.370000'),(3442,4,'Login','Login','2014-08-27 05:05:08.327000'),(3443,4,'Login','Login','2014-08-27 05:06:15.590000'),(3444,4,'Login','Login','2014-08-27 05:08:35.170000'),(3445,4,'13','Add New Frequency.','2014-08-27 05:08:51.753000'),(3446,4,'13','Viewing','2014-08-27 05:09:24.067000'),(3447,4,'Login','Login','2014-08-27 05:44:32.630000'),(3448,4,'Login','Login','2014-08-27 05:47:43.853000'),(3449,4,'Login','Login','2014-08-27 05:58:54.427000'),(3450,4,'Login','Login','2014-08-27 06:06:39.377000'),(3451,4,'Logout','Logout','2014-08-27 06:08:33.307000'),(3452,4,'Login','Login','2014-08-27 06:55:00.657000'),(3453,4,'Login','Login','2014-08-27 06:56:37.390000'),(3454,4,'Login','Login','2014-08-27 07:09:06.607000'),(3455,4,'Login','Login','2014-08-27 07:11:10.400000'),(3456,4,'Login','Login','2014-08-27 09:37:39.207000'),(3457,4,'Login','Login','2014-08-27 10:05:25.620000'),(3458,4,'Login','Login','2014-08-27 10:07:40.067000'),(3459,4,'Login','Login','2014-08-27 10:08:56.850000'),(3460,4,'Logout','Logout','2014-08-27 10:09:27.007000'),(3461,4,'Login','Login','2014-08-27 12:10:23.073000'),(3462,4,'Login','Login','2014-08-27 12:11:25.390000'),(3463,4,'Login','Login','2014-08-27 12:12:23.560000'),(3464,4,'13','Viewing','2014-08-27 12:12:36.210000'),(3465,4,'12','Viewing','2014-08-27 12:12:38.577000'),(3466,4,'11','Viewing','2014-08-27 12:12:40.853000'),(3467,4,'6','Viewing','2014-08-27 12:12:43.843000'),(3468,4,'6','Viewing','2014-08-27 12:12:45.810000'),(3469,4,'7','Viewing','2014-08-27 12:12:48.297000'),(3470,4,'4','Viewing Patients Info','2014-08-27 12:12:50.483000'),(3471,4,'5','Viewing Doctor Info','2014-08-27 12:12:53.243000'),(3472,4,'10','Viewing','2014-08-27 12:12:58.000000'),(3473,4,'4','Edit Patient Info.','2014-08-27 12:13:10.247000'),(3474,4,'4','Viewing Patients Info','2014-08-27 12:13:10.923000'),(3475,4,'10','Viewing','2014-08-27 12:13:17.357000'),(3476,4,'4','Edit Patient Info.','2014-08-27 12:13:23.457000'),(3477,4,'4','Update Patient Info','2014-08-27 12:13:28.147000'),(3478,4,'4','Edit Patient Info.','2014-08-27 12:13:30.800000'),(3479,4,'4','Viewing Patients Info','2014-08-27 12:13:31.420000'),(3480,4,'Logout','Logout','2014-08-27 12:13:52.147000'),(3481,4,'Login','Login','2014-08-27 12:14:27.740000'),(3482,4,'10','Viewing','2014-08-27 12:14:34.493000'),(3483,4,'4','Update Patient Info','2014-08-27 12:15:02.667000'),(3484,4,'4','Edit Patient Info.','2014-08-27 12:15:04.880000'),(3485,4,'4','Viewing Patients Info','2014-08-27 12:15:05.707000'),(3486,4,'Logout','Logout','2014-08-27 12:15:07.267000'),(3487,4,'Login','Login','2014-08-27 13:23:42.017000'),(3488,4,'1','Viewing User Info.','2014-08-27 13:24:35.717000'),(3489,4,'1','Viewing User Info.','2014-08-27 13:25:30.200000'),(3490,4,'Login','Login','2014-08-27 16:32:41.217000'),(3491,4,'10','Viewing','2014-08-27 16:32:53.627000'),(3492,4,'4','Edit Patient Info.','2014-08-27 16:33:03.623000'),(3493,4,'4','Viewing Patients Info','2014-08-27 16:33:04.683000'),(3494,4,'4','Viewing Patients Info','2014-08-27 16:33:09.147000'),(3495,4,'Logout','Logout','2014-08-27 16:33:12.837000'),(3496,4,'Login','Login','2014-08-27 16:34:01.757000'),(3497,4,'Logout','Logout','2014-08-27 16:34:06.430000'),(3498,4,'Login','Login','2014-08-27 16:34:15.437000'),(3499,4,'1','Viewing User Info.','2014-08-27 16:34:38.523000'),(3500,4,'Logout','Logout','2014-08-27 16:35:09.130000'),(3501,8,'Login','Login','2014-08-27 16:35:15.510000'),(3502,8,'4','Edit Patient Info.','2014-08-27 16:35:46.103000'),(3503,8,'4','Viewing Patients Info','2014-08-27 16:35:47.453000'),(3504,8,'10','Viewing','2014-08-27 16:35:57.717000'),(3505,8,'4','Update Patient Info','2014-08-27 16:36:10.553000'),(3506,8,'4','Edit Patient Info.','2014-08-27 16:36:14.833000'),(3507,8,'4','Edit Patient Info.','2014-08-27 16:36:30.813000'),(3508,8,'4','Detail View Patient Info.','2014-08-27 16:36:36.390000'),(3509,8,'4','Viewing Patients Info','2014-08-27 16:36:37.530000'),(3510,8,'5','Edit Doctor Info.','2014-08-27 16:37:54.017000'),(3511,8,'5','Viewing Doctor Info','2014-08-27 16:37:56.047000'),(3512,8,'7','Viewing','2014-08-27 16:43:32.373000'),(3513,8,'5','Edit Doctor Info.','2014-08-27 16:49:27.917000'),(3514,8,'5','Viewing Doctor Info','2014-08-27 16:49:28.797000'),(3515,8,'5','Viewing Doctor Info','2014-08-27 16:49:58.547000'),(3516,8,'4','Edit Patient Info.','2014-08-27 16:50:10.100000'),(3517,8,'4','Viewing Patients Info','2014-08-27 16:50:11.220000'),(3518,8,'6','Viewing','2014-08-27 16:50:17.317000'),(3519,8,'6','Viewing','2014-08-27 16:50:24.383000'),(3520,8,'11','Viewing','2014-08-27 16:50:29.193000'),(3521,8,'1','Viewing User Info.','2014-08-27 17:03:28.003000'),(3522,8,'4','Update Patient Info','2014-08-27 17:15:01.390000'),(3523,8,'4','Edit Patient Info.','2014-08-27 17:15:04.753000'),(3524,8,'4','Edit Patient Info.','2014-08-27 17:15:13.147000'),(3525,8,'4','Edit Patient Info.','2014-08-27 17:15:25.203000'),(3526,8,'4','Edit Patient Info.','2014-08-27 17:15:32.930000'),(3527,8,'4','Viewing Patients Info','2014-08-27 17:15:56.420000'),(3528,8,'10','Viewing','2014-08-27 17:16:28.453000'),(3529,8,'Logout','Logout','2014-08-27 17:17:24.487000'),(3530,4,'Login','Login','2014-09-02 06:01:00.667000'),(3531,4,'Login','Login','2014-09-02 06:02:33.770000'),(3532,4,'Logout','Logout','2014-09-02 06:02:54.077000'),(3533,4,'Login','Login','2014-09-02 06:06:58.470000'),(3534,4,'Logout','Logout','2014-09-02 06:07:21.243000'),(3535,4,'Login','Login','2014-09-02 06:09:41.923000'),(3536,4,'Logout','Logout','2014-09-02 06:10:12.917000'),(3537,4,'Login','Login','2014-09-02 07:31:04.647000'),(3538,4,'Logout','Logout','2014-09-02 07:32:03.353000'),(3539,4,'Login','Login','2014-09-02 07:32:34.037000'),(3540,4,'Login','Login','2014-09-02 07:34:32.133000'),(3541,4,'Logout','Logout','2014-09-02 07:35:32.360000'),(3542,4,'Login','Login','2014-09-02 08:27:35.467000'),(3543,4,'Logout','Logout','2014-09-02 08:29:19.683000'),(3544,4,'Login','Login','2014-09-02 08:31:02.683000'),(3545,4,'Logout','Logout','2014-09-02 08:31:29.997000'),(3546,4,'Login','Login','2014-09-02 09:00:27.853000'),(3547,4,'Logout','Logout','2014-09-02 09:03:38.237000'),(3548,4,'Login','Login','2014-09-02 11:41:21.297000'),(3549,4,'Logout','Logout','2014-09-02 11:41:54.930000'),(3550,4,'Login','Login','2014-09-02 11:48:08.387000'),(3551,4,'Login','Login','2014-09-02 11:49:34.417000'),(3552,4,'Logout','Logout','2014-09-02 11:49:42.100000'),(3553,4,'Login','Login','2014-09-02 11:51:42.627000'),(3554,4,'Logout','Logout','2014-09-02 11:51:50.977000'),(3555,4,'Login','Login','2014-09-02 11:53:25.343000'),(3556,4,'Logout','Logout','2014-09-02 11:53:33.340000'),(3557,0,'Logout','Logout','2014-09-02 11:56:44.133000'),(3558,4,'Login','Login','2014-09-02 11:56:51.497000'),(3559,4,'Logout','Logout','2014-09-02 11:57:09.233000'),(3560,4,'Login','Login','2014-09-02 11:58:13.213000'),(3561,4,'Logout','Logout','2014-09-02 11:59:06.523000'),(3562,4,'Login','Login','2014-09-02 14:46:02.567000'),(3563,4,'Logout','Logout','2014-09-02 14:46:22.657000'),(3564,4,'Login','Login','2014-09-02 15:07:14.297000'),(3565,4,'4','Viewing Patients Info','2014-09-02 15:10:19.977000'),(3566,4,'4','Edit Patient Info.','2014-09-02 15:10:26.543000'),(3567,4,'4','Viewing Patients Info','2014-09-02 15:10:27.773000'),(3568,4,'Logout','Logout','2014-09-02 15:14:47.647000'),(3569,4,'Login','Login','2014-09-03 07:15:08.487000'),(3570,4,'Logout','Logout','2014-09-03 07:15:24.437000'),(3571,4,'Login','Login','2014-09-03 07:16:13.917000'),(3572,4,'Logout','Logout','2014-09-03 07:16:25.597000'),(3573,4,'Login','Login','2014-09-03 10:24:53.003000'),(3574,4,'Logout','Logout','2014-09-03 10:25:12.007000'),(3575,4,'Login','Login','2014-09-03 11:12:52.680000'),(3576,4,'Logout','Logout','2014-09-03 11:13:06.097000'),(3577,4,'Login','Login','2014-09-03 11:30:06.883000'),(3578,4,'Logout','Logout','2014-09-03 11:35:11.640000'),(3579,4,'Login','Login','2014-09-03 13:39:54.150000'),(3580,4,'10','Viewing','2014-09-03 13:40:28.680000'),(3581,4,'Logout','Logout','2014-09-03 13:40:34.570000'),(3582,4,'Login','Login','2014-09-03 13:49:39.633000'),(3583,4,'10','Viewing','2014-09-03 13:50:02.613000'),(3584,4,'Logout','Logout','2014-09-03 13:50:04.777000'),(3585,4,'Login','Login','2014-09-03 16:33:19.983000'),(3586,4,'Login','Login','2014-09-03 16:38:26.073000'),(3587,4,'Login','Login','2014-09-03 16:42:04.293000'),(3588,4,'Login','Login','2014-09-03 16:43:43.043000'),(3589,4,'Login','Login','2014-09-03 16:47:36.970000'),(3590,4,'Login','Login','2014-09-03 17:06:14.433000'),(3591,4,'10','Viewing','2014-09-03 17:07:56.343000'),(3592,4,'Login','Login','2014-09-03 17:18:30.707000'),(3593,4,'10','Viewing','2014-09-03 17:18:55.197000'),(3594,4,'Logout','Logout','2014-09-03 17:19:01.690000'),(3595,4,'Login','Login','2014-09-03 17:26:24.330000'),(3596,4,'10','Viewing','2014-09-03 17:26:49.140000'),(3597,4,'Logout','Logout','2014-09-03 17:26:51.120000'),(3598,4,'Login','Login','2014-09-03 17:37:56.107000'),(3599,4,'Login','Login','2014-09-03 17:38:37.680000'),(3600,4,'10','Viewing','2014-09-03 17:38:54.047000'),(3601,4,'Logout','Logout','2014-09-03 17:38:55.600000'),(3602,4,'Login','Login','2014-09-03 17:39:37.643000'),(3603,4,'10','Viewing','2014-09-03 17:39:53.277000'),(3604,4,'Logout','Logout','2014-09-03 17:39:54.433000'),(3605,4,'Login','Login','2014-09-03 17:41:05.940000'),(3606,4,'10','Viewing','2014-09-03 17:41:21.757000'),(3607,4,'Login','Login','2014-09-03 17:49:01.500000'),(3608,4,'10','Viewing','2014-09-03 17:49:24.620000'),(3609,4,'Logout','Logout','2014-09-03 17:49:29.377000'),(3610,4,'Login','Login','2014-09-03 17:53:05.640000'),(3611,4,'10','Viewing','2014-09-03 17:53:34.643000'),(3612,4,'Logout','Logout','2014-09-03 17:53:36.570000'),(3613,4,'Login','Login','2014-09-03 17:57:37.237000'),(3614,4,'10','Viewing','2014-09-03 17:57:56.323000'),(3615,4,'Logout','Logout','2014-09-03 17:57:58.297000'),(3616,4,'Login','Login','2014-09-03 18:05:48.153000'),(3617,4,'10','Viewing','2014-09-03 18:06:07.050000'),(3618,4,'Logout','Logout','2014-09-03 18:06:09.023000'),(3619,4,'Login','Login','2014-09-03 18:19:04.010000'),(3620,4,'10','Viewing','2014-09-03 18:19:24.947000'),(3621,4,'Logout','Logout','2014-09-03 18:19:26.670000'),(3622,4,'Login','Login','2014-09-03 20:54:42.053000'),(3623,4,'10','Viewing','2014-09-03 20:55:51.330000'),(3624,4,'Login','Login','2014-09-03 21:00:20.770000'),(3625,4,'10','Viewing','2014-09-03 21:00:43.623000'),(3626,4,'Logout','Logout','2014-09-03 21:00:45.453000'),(3627,4,'Login','Login','2014-09-03 21:08:58.190000'),(3628,4,'10','Viewing','2014-09-03 21:12:06.250000'),(3629,4,'Login','Login','2014-09-03 21:23:14.290000'),(3630,4,'10','Viewing','2014-09-03 21:23:36.297000'),(3631,4,'Logout','Logout','2014-09-03 21:23:38.003000'),(3632,4,'Login','Login','2014-09-04 11:22:47.333000'),(3633,4,'Login','Login','2014-09-04 12:21:19.427000'),(3634,4,'Login','Login','2014-09-04 12:24:04.740000'),(3635,4,'Login','Login','2014-09-04 12:30:36.103000'),(3636,4,'Login','Login','2014-09-04 12:33:57.067000'),(3637,4,'10','Viewing','2014-09-04 12:34:56.237000'),(3638,4,'Logout','Logout','2014-09-04 12:34:59.677000'),(3639,4,'Login','Login','2014-09-04 12:37:00.820000'),(3640,4,'Login','Login','2014-09-04 15:18:04.930000'),(3641,4,'Login','Login','2014-09-04 15:19:15.373000'),(3642,4,'Login','Login','2014-09-04 15:26:13.347000'),(3643,4,'10','Viewing','2014-09-04 15:34:31.283000'),(3644,4,'Logout','Logout','2014-09-04 15:34:33.183000'),(3645,4,'Login','Login','2014-09-04 15:36:52.093000'),(3646,4,'10','Viewing','2014-09-04 15:37:26.067000'),(3647,4,'Logout','Logout','2014-09-04 15:37:27.877000'),(3648,4,'Login','Login','2014-09-04 17:45:25.633000'),(3649,4,'10','Viewing','2014-09-04 17:46:13.977000'),(3650,4,'Logout','Logout','2014-09-04 17:46:17.337000'),(3651,4,'Login','Login','2014-09-04 18:17:50.367000'),(3652,4,'10','Viewing','2014-09-04 18:18:05.607000'),(3653,4,'Login','Login','2014-09-04 18:20:39.443000'),(3654,4,'Login','Login','2014-09-04 18:21:59.223000'),(3655,4,'Login','Login','2014-09-07 14:11:23.950000'),(3656,4,'Login','Login','2014-09-07 14:14:15.310000'),(3657,4,'Login','Login','2014-09-07 14:16:57.613000'),(3658,4,'Login','Login','2014-09-07 14:20:20.040000'),(3659,4,'Login','Login','2014-09-07 14:28:41.563000'),(3660,4,'Login','Login','2014-09-07 14:32:47.970000'),(3661,4,'Login','Login','2014-09-07 14:36:08.010000'),(3662,4,'Login','Login','2014-09-07 14:45:10.283000'),(3663,4,'Login','Login','2014-09-07 14:46:03.747000'),(3664,4,'Login','Login','2014-09-07 14:48:10.963000'),(3665,4,'Login','Login','2014-09-07 14:51:38.770000'),(3666,4,'Login','Login','2014-09-07 15:00:58.977000'),(3667,4,'Login','Login','2014-09-07 15:09:03.440000'),(3668,4,'Login','Login','2014-09-07 15:10:20.873000'),(3669,4,'Login','Login','2014-09-07 15:10:58.117000'),(3670,4,'10','Viewing','2014-09-07 15:11:47.210000'),(3671,4,'Login','Login','2014-09-07 15:15:33.000000'),(3672,4,'10','Viewing','2014-09-07 15:15:47.093000'),(3673,4,'10','Viewing','2014-09-07 15:18:21.667000'),(3674,4,'Login','Login','2014-09-07 18:10:38.883000'),(3675,4,'Login','Login','2014-09-07 18:31:25.653000'),(3676,4,'Login','Login','2014-09-07 18:34:53.187000'),(3677,4,'10','Update Clinic Time.','2014-09-07 18:36:37.433000'),(3678,4,'10','Update Clinic Time.','2014-09-07 18:37:02.890000'),(3679,4,'Login','Login','2014-09-07 18:38:17.763000'),(3680,4,'10','Viewing','2014-09-07 18:38:33.103000'),(3681,4,'Login','Login','2014-09-07 18:45:15.290000'),(3682,4,'10','Viewing','2014-09-07 18:45:29.900000'),(3683,4,'10','Viewing','2014-09-07 18:46:06.140000'),(3684,4,'Logout','Logout','2014-09-07 18:46:07.440000'),(3685,4,'Login','Login','2014-09-07 18:59:10.227000'),(3686,4,'10','Update Clinic Time.','2014-09-07 19:00:31.173000'),(3687,4,'10','Update Clinic Time.','2014-09-07 19:00:44.897000'),(3688,4,'10','Update Clinic Time.','2014-09-07 19:00:48.620000'),(3689,4,'Login','Login','2014-09-07 19:03:25.847000'),(3690,4,'Login','Login','2014-09-07 19:09:53.153000'),(3691,4,'Login','Login','2014-09-07 19:12:53.417000'),(3692,4,'Login','Login','2014-09-07 19:14:18.110000'),(3693,4,'10','Update Clinic Time.','2014-09-07 19:14:54.897000'),(3694,4,'10','Viewing','2014-09-07 19:14:54.927000'),(3695,4,'10','Viewing','2014-09-07 19:15:47.370000'),(3696,4,'Login','Login','2014-09-07 19:17:06.673000'),(3697,4,'10','Update Clinic Time.','2014-09-07 19:18:01.117000'),(3698,4,'10','Viewing','2014-09-07 19:18:01.147000'),(3699,4,'Login','Login','2014-09-07 19:21:11.267000'),(3700,4,'10','Update Clinic Time.','2014-09-07 19:22:32.467000'),(3701,4,'10','Viewing','2014-09-07 19:22:32.513000'),(3702,4,'10','Viewing','2014-09-07 19:22:49.003000'),(3703,4,'Login','Login','2014-09-07 19:24:32.047000'),(3704,4,'10','Update Clinic Time.','2014-09-07 19:27:31.757000'),(3705,4,'10','Viewing','2014-09-07 19:27:31.780000'),(3706,4,'10','Viewing','2014-09-07 19:27:39.290000'),(3707,4,'Logout','Logout','2014-09-07 19:27:40.873000'),(3708,4,'Login','Login','2014-09-07 19:30:10.327000'),(3709,4,'10','Update Clinic Time.','2014-09-07 19:31:25.800000'),(3710,4,'10','Viewing','2014-09-07 19:31:28.160000'),(3711,4,'10','Viewing','2014-09-07 19:31:51.363000'),(3712,4,'10','Viewing','2014-09-07 19:31:56.337000'),(3713,4,'Login','Login','2014-09-07 19:32:58.883000'),(3714,4,'10','Update Clinic Time.','2014-09-07 19:33:14.770000'),(3715,4,'10','Viewing','2014-09-07 19:33:15.580000'),(3716,4,'10','Update Clinic Time.','2014-09-07 19:33:35.123000'),(3717,4,'10','Viewing','2014-09-07 19:33:37.050000'),(3718,4,'10','Viewing','2014-09-07 19:33:50.290000'),(3719,4,'Login','Login','2014-09-07 19:35:48.277000'),(3720,4,'Login','Login','2014-09-07 19:42:42.660000'),(3721,4,'10','Update Clinic Time.','2014-09-07 19:43:08.960000'),(3722,4,'10','Viewing','2014-09-07 19:43:11.050000'),(3723,4,'10','Update Clinic Time.','2014-09-07 19:43:35.113000'),(3724,4,'10','Viewing','2014-09-07 19:43:36.520000'),(3725,4,'10','Update Clinic Time.','2014-09-07 19:44:59.377000'),(3726,4,'10','Viewing','2014-09-07 19:45:01.393000'),(3727,4,'10','Viewing','2014-09-07 19:45:12.707000'),(3728,4,'Login','Login','2014-09-07 19:45:51.390000'),(3729,4,'10','Delete Clinic Time.','2014-09-07 19:46:04.723000'),(3730,4,'10','Viewing','2014-09-07 19:46:04.733000'),(3731,4,'10','Viewing','2014-09-07 19:46:16.393000'),(3732,4,'Login','Login','2014-09-07 19:47:32.070000'),(3733,4,'Login','Login','2014-09-07 19:52:36.493000'),(3734,4,'10','Delete Clinic Time.','2014-09-07 19:53:27.733000'),(3735,4,'10','Viewing','2014-09-07 19:53:27.747000'),(3736,4,'10','Viewing','2014-09-07 19:55:57.273000'),(3737,4,'Login','Login','2014-09-07 20:05:26.100000'),(3738,4,'10','Delete Clinic Time.','2014-09-07 20:05:55.787000'),(3739,4,'10','Viewing','2014-09-07 20:05:55.837000'),(3740,4,'Login','Login','2014-09-07 20:06:34.677000'),(3741,4,'10','Delete Clinic Time.','2014-09-07 20:06:47.853000'),(3742,4,'10','Viewing','2014-09-07 20:06:47.863000'),(3743,4,'Login','Login','2014-09-08 10:55:11.460000'),(3744,4,'10','Viewing','2014-09-08 10:55:16.100000'),(3745,4,'10','Delete Clinic Time.','2014-09-08 10:55:22.303000'),(3746,4,'10','Update Clinic Time.','2014-09-08 10:55:45.437000'),(3747,4,'10','Viewing','2014-09-08 10:55:49.073000'),(3748,4,'12','Viewing','2014-09-08 10:56:33.290000'),(3749,4,'13','Viewing','2014-09-08 10:56:35.427000'),(3750,4,'Login','Login','2014-09-08 15:41:39.113000'),(3751,4,'Login','Login','2014-09-08 15:43:16.797000'),(3752,4,'Logout','Logout','2014-09-08 15:44:38.937000'),(3753,4,'Login','Login','2014-09-08 15:48:53.993000'),(3754,4,'Login','Login','2014-09-08 15:57:19.490000'),(3755,4,'Login','Login','2014-09-08 16:03:25.350000'),(3756,4,'Login','Login','2014-09-08 16:17:41.137000'),(3757,4,'Login','Login','2014-09-08 16:21:40.617000'),(3758,4,'Login','Login','2014-09-09 05:44:14.137000'),(3759,4,'Login','Login','2014-09-09 06:23:37.177000'),(3760,4,'Login','Login','2014-09-09 06:27:18.907000'),(3761,4,'Login','Login','2014-09-09 06:28:36.500000'),(3762,4,'Login','Login','2014-09-09 06:29:49.433000'),(3763,4,'Login','Login','2014-09-09 06:31:30.570000'),(3764,4,'Login','Login','2014-09-09 06:33:12.727000'),(3765,4,'Login','Login','2014-09-09 06:35:26.393000'),(3766,4,'Login','Login','2014-09-09 06:49:19.537000'),(3767,4,'Logout','Logout','2014-09-09 06:50:06.603000'),(3768,4,'Login','Login','2014-09-09 06:52:17.137000'),(3769,4,'Login','Login','2014-09-09 06:53:20.187000'),(3770,4,'Login','Login','2014-09-09 06:54:57.097000'),(3771,4,'Login','Login','2014-09-09 06:56:51.327000'),(3772,4,'Login','Login','2014-09-09 07:00:31.753000'),(3773,4,'Logout','Logout','2014-09-09 07:08:44.537000'),(3774,4,'Login','Login','2014-09-09 12:53:02.650000'),(3775,4,'10','Viewing','2014-09-09 12:53:07.200000'),(3776,4,'10','Update Clinic Time.','2014-09-09 12:53:39.897000'),(3777,4,'Login','Login','2014-09-10 10:06:08.417000'),(3778,4,'Login','Login','2014-09-10 10:07:58.737000'),(3779,4,'Login','Login','2014-09-10 10:09:39.983000'),(3780,4,'Logout','Logout','2014-09-10 10:16:02.413000'),(3781,4,'Login','Login','2014-09-10 10:26:32.910000'),(3782,4,'Login','Login','2014-09-10 11:45:24.897000'),(3783,4,'Logout','Logout','2014-09-10 11:46:16.367000'),(4777,4,'Login','Login','2014-09-16 14:21:46.063000'),(4778,4,'Login','Login','2014-09-16 14:44:09.377000'),(4779,4,'Login','Login','2014-09-16 14:50:07.080000'),(4780,4,'Login','Login','2014-09-16 14:55:02.667000'),(4781,4,'Login','Login','2014-09-16 15:13:42.187000'),(4782,4,'Logout','Logout','2014-09-16 15:15:23.710000'),(4783,4,'Login','Login','2014-09-16 15:55:25.247000'),(4784,4,'Logout','Logout','2014-09-16 15:56:40.463000'),(4785,4,'Login','Login','2014-09-17 09:28:23.620000'),(4786,4,'Login','Login','2014-09-17 09:34:39.523000'),(4787,4,'Login','Login','2014-09-17 09:35:39.420000'),(4788,4,'Login','Login','2014-09-17 09:36:24.137000'),(4789,4,'Login','Login','2014-09-17 10:08:40.697000'),(4790,4,'Login','Login','2014-09-17 10:44:14.867000'),(4791,4,'Login','Login','2014-09-18 06:15:49.310000'),(4792,4,'Login','Login','2014-09-18 06:17:10.603000'),(4793,4,'Logout','Logout','2014-09-18 06:19:49.550000'),(4794,4,'Login','Login','2014-09-18 06:21:20.790000'),(4795,4,'Logout','Logout','2014-09-18 06:40:05.843000'),(4796,4,'Login','Login','2014-09-18 09:22:41.540000'),(5791,4,'Login','Login','2014-09-23 06:09:15.727000'),(5792,4,'Logout','Logout','2014-09-23 06:09:44.383000'),(5793,4,'Login','Login','2014-09-23 06:09:51.303000'),(5794,4,'10','Viewing','2014-09-23 06:10:01.677000'),(5795,4,'Logout','Logout','2014-09-23 06:10:03.603000'),(5796,4,'Login','Login','2014-09-23 06:10:09.850000'),(5797,4,'10','Viewing','2014-09-23 06:10:25.807000'),(5798,4,'Login','Login','2014-09-23 07:30:46.807000'),(5799,4,'Login','Login','2014-09-23 07:33:01.390000'),(5800,4,'Login','Login','2014-09-23 07:35:57.860000'),(5801,4,'Login','Login','2014-09-23 14:00:17.747000'),(5802,4,'Logout','Logout','2014-09-23 14:00:46.523000'),(5803,4,'Login','Login','2014-09-23 14:01:10.927000'),(5804,4,'Login','Login','2014-09-23 14:04:07.673000'),(5805,4,'Login','Login','2014-09-23 14:07:31.037000'),(5806,4,'Login','Login','2014-09-23 14:16:19.543000'),(5807,4,'Logout','Logout','2014-09-23 14:16:53.907000'),(5808,4,'Login','Login','2014-09-23 14:18:29.280000'),(5809,4,'Login','Login','2014-09-23 14:25:20.097000'),(5810,4,'Login','Login','2014-09-23 14:28:30.093000'),(5811,4,'Login','Login','2014-09-23 14:31:06.470000'),(5812,4,'15','Viewing','2014-09-23 14:31:17.923000'),(5813,4,'15','Viewing','2014-09-23 14:31:27.057000'),(5814,4,'Logout','Logout','2014-09-23 14:31:43.790000'),(5815,4,'Login','Login','2014-09-23 14:33:13.267000'),(5816,4,'15','Viewing','2014-09-23 14:33:42.747000'),(5817,4,'Login','Login','2014-09-23 14:34:25.787000'),(5818,4,'16','Viewing','2014-09-23 14:34:59.653000'),(5819,4,'Logout','Logout','2014-09-23 14:35:08.293000'),(5820,4,'Login','Login','2014-09-23 14:35:13.413000'),(5821,4,'Login','Login','2014-09-25 13:27:06.477000'),(5822,4,'15','Viewing','2014-09-25 13:28:00.730000'),(5823,4,'16','Viewing','2014-09-25 13:28:50.700000'),(5824,4,'Login','Login','2014-09-25 13:33:34.110000'),(5825,4,'Login','Login','2014-09-25 13:37:06.367000'),(5826,4,'Login','Login','2014-09-25 13:44:56.580000'),(5827,4,'Login','Login','2014-09-25 14:32:38.083000'),(5828,4,'16','Viewing','2014-09-25 14:34:29.690000'),(5829,4,'Login','Login','2014-09-25 14:40:58.587000'),(5830,4,'16','Viewing','2014-09-25 14:41:50.450000'),(5831,4,'Login','Login','2014-09-25 14:48:35.803000'),(5832,4,'16','Viewing','2014-09-25 14:49:11.993000'),(5833,4,'16','Viewing','2014-09-25 14:50:05.430000'),(5834,4,'Login','Login','2014-09-25 15:03:11.340000'),(5835,4,'Login','Login','2014-09-25 15:05:09.457000'),(5836,4,'15','Viewing','2014-09-25 15:05:16.630000'),(5837,4,'Login','Login','2014-09-25 15:06:27.313000'),(5838,4,'Login','Login','2014-09-25 15:07:07.167000'),(5839,4,'Login','Login','2014-09-25 15:16:58.790000'),(5840,4,'15','Viewing','2014-09-25 15:17:33.613000'),(5841,4,'Login','Login','2014-09-25 15:46:06.123000'),(5842,4,'16','Viewing','2014-09-25 15:46:51.933000'),(5843,4,'16','Viewing','2014-09-25 15:47:25.683000'),(5844,4,'Login','Login','2014-09-25 15:50:41.583000'),(5845,4,'4','Edit Patient Info.','2014-09-25 15:52:05.513000'),(5846,4,'4','Edit Patient Info.','2014-09-25 15:52:18.873000'),(5847,4,'4','Viewing Patients Info','2014-09-25 15:52:19.490000'),(5848,4,'Login','Login','2014-09-25 16:35:33.843000'),(5849,4,'10','Viewing','2014-09-25 16:35:42.493000'),(5850,4,'4','Edit Patient Info.','2014-09-25 16:36:03.630000'),(5851,4,'4','Viewing Patients Info','2014-09-25 16:36:04.473000'),(5852,4,'Login','Login','2014-09-25 20:28:15.840000'),(5853,4,'Login','Login','2014-09-26 05:38:35.070000'),(5854,4,'15','Viewing','2014-09-26 05:38:48.107000'),(5855,4,'15','Add New Visit.','2014-09-26 05:40:05.217000'),(5856,4,'15','Viewing','2014-09-26 05:40:08.707000'),(5857,4,'Login','Login','2014-09-26 06:04:22.880000'),(5858,4,'15','Editing','2014-09-26 06:04:30.077000'),(5859,4,'15','Editing','2014-09-26 06:04:33.610000'),(5860,4,'Login','Login','2014-09-26 06:06:35.567000'),(5861,4,'Login','Login','2014-09-26 06:12:44.973000'),(5862,4,'Login','Login','2014-09-26 06:14:01.190000'),(5863,4,'15','Editing','2014-09-26 06:14:53.173000'),(5864,4,'15','Editing','2014-09-26 06:15:40.920000'),(5865,4,'15','Editing','2014-09-26 06:15:54.297000'),(5866,4,'Logout','Logout','2014-09-26 06:15:56.180000'),(5867,4,'Login','Login','2014-09-26 06:17:50.893000'),(5868,4,'15','Editing','2014-09-26 06:18:02.757000'),(5869,4,'15','Editing','2014-09-26 06:18:10.503000'),(5870,4,'15','Editing','2014-09-26 06:18:20.460000'),(5871,4,'15','Editing','2014-09-26 06:18:52.863000'),(5872,4,'15','Editing','2014-09-26 06:19:22.903000'),(5873,4,'16','Viewing','2014-09-26 06:20:00.333000'),(5874,4,'Login','Login','2014-09-26 06:24:02.810000'),(5875,4,'Login','Login','2014-09-26 06:25:41.963000'),(5876,4,'16','Viewing','2014-09-26 06:25:56.297000'),(5877,4,'15','Editing','2014-09-26 06:26:04.760000'),(5878,4,'15','Editing','2014-09-26 06:26:09.557000'),(5879,4,'15','Editing','2014-09-26 06:26:37.177000'),(5880,4,'15','Editing','2014-09-26 06:26:52.023000'),(5881,4,'15','Editing','2014-09-26 06:26:56.137000'),(5882,4,'15','Add New Visit.','2014-09-26 06:28:38.640000'),(5883,4,'15','Editing','2014-09-26 06:28:44.213000'),(5884,4,'15','Editing','2014-09-26 06:28:47.607000'),(5885,4,'15','Editing','2014-09-26 06:28:50.070000'),(5886,4,'15','Editing','2014-09-26 06:28:53.607000'),(5887,4,'Login','Login','2014-09-26 06:36:41.277000'),(5888,4,'15','Update Visit.','2014-09-26 06:37:17.260000'),(5889,4,'15','Editing','2014-09-26 06:37:21.907000'),(5890,4,'15','Editing','2014-09-26 06:37:26.580000'),(5891,4,'Login','Login','2014-09-26 06:44:41.980000'),(5892,4,'Login','Login','2014-09-30 12:09:04.687000'),(5893,4,'1','Viewing User Info.','2014-09-30 12:09:12.683000'),(5894,4,'Logout','Logout','2014-09-30 12:09:39.153000'),(5895,4,'Login','Login','2014-09-30 13:33:39.833000'),(5896,4,'16','Viewing','2014-09-30 13:37:47.000000'),(5897,4,'1','Viewing User Info.','2014-09-30 13:40:19.467000'),(5898,4,'10','Viewing','2014-09-30 13:43:15.600000'),(5899,4,'10','Update Clinic Time.','2014-09-30 13:44:10.650000'),(5900,4,'16','Viewing','2014-09-30 13:45:19.643000'),(5901,4,'Login','Login','2014-09-30 14:10:32.890000'),(5902,4,'15','Viewing','2014-09-30 14:10:43.947000'),(5903,4,'15','Viewing','2014-09-30 14:10:55.177000'),(5904,4,'Login','Login','2014-09-30 14:13:23.633000'),(5905,4,'15','Editing','2014-09-30 14:14:38.677000'),(5906,4,'15','Add New Visit.','2014-09-30 14:17:43.173000'),(5907,4,'15','Viewing','2014-09-30 14:17:46.597000'),(5908,4,'15','Editing','2014-09-30 14:17:50.373000'),(5909,4,'15','Editing','2014-09-30 14:17:53.390000'),(5910,4,'15','Editing','2014-09-30 14:18:19.837000'),(5911,4,'Login','Login','2014-09-30 14:24:40.130000'),(5912,4,'15','Editing','2014-09-30 14:24:57.060000'),(5913,4,'15','Editing','2014-09-30 14:25:00.697000'),(5914,4,'Login','Login','2014-09-30 14:40:50.970000'),(5915,4,'15','Editing','2014-09-30 14:43:53.597000'),(5916,4,'15','Update Visit.','2014-09-30 14:44:25.903000'),(5917,4,'15','Editing','2014-09-30 14:44:28.350000'),(5918,4,'15','Editing','2014-09-30 14:44:40.733000'),(5919,4,'15','Editing','2014-09-30 14:44:46.973000'),(5920,4,'Login','Login','2014-09-30 14:52:23.457000'),(5921,4,'15','Editing','2014-09-30 15:00:33.617000'),(5922,4,'15','Editing','2014-09-30 15:00:42.953000'),(5923,4,'15','Editing','2014-09-30 15:00:51.380000'),(5924,4,'15','Editing','2014-09-30 15:02:56.277000'),(5925,4,'16','Viewing','2014-09-30 15:23:19.717000'),(5926,4,'15','Viewing','2014-09-30 15:25:33.167000'),(5927,4,'4','Register New Patient','2014-09-30 15:26:57.597000'),(5928,4,'Login','Login','2014-09-30 15:33:18.487000'),(5929,4,'4','Register New Patient','2014-09-30 15:34:38.287000'),(5930,4,'Login','Login','2014-09-30 15:40:50.263000'),(5931,4,'4','Register New Patient','2014-09-30 15:42:11.247000'),(5932,4,'15','Editing','2014-09-30 15:42:26.927000'),(5933,4,'15','Viewing','2014-09-30 15:42:33.413000'),(5934,4,'15','Add New Visit.','2014-09-30 15:43:03.203000'),(5935,4,'15','Viewing','2014-09-30 15:43:05.360000'),(5936,4,'15','Editing','2014-09-30 15:43:08.143000'),(5937,4,'15','Editing','2014-09-30 15:43:10.960000'),(5938,4,'15','Editing','2014-09-30 15:43:13.207000'),(5939,4,'15','Editing','2014-09-30 15:43:26.863000'),(5940,4,'15','Editing','2014-09-30 15:43:29.057000'),(5941,4,'15','Editing','2014-09-30 15:43:32.017000'),(5942,4,'15','Editing','2014-09-30 15:43:43.360000'),(5943,4,'15','Editing','2014-09-30 15:43:46.567000'),(5944,4,'15','Editing','2014-09-30 15:43:51.000000'),(5945,4,'15','Editing','2014-09-30 15:43:55.030000'),(5946,4,'Login','Login','2014-09-30 15:45:39.010000'),(5947,4,'15','Viewing','2014-09-30 15:45:43.680000'),(5948,4,'15','Add New Visit.','2014-09-30 15:46:03.733000'),(5949,4,'15','Viewing','2014-09-30 15:46:07.333000'),(5950,4,'15','Update Visit.','2014-09-30 15:46:12.650000'),(5951,4,'15','Viewing','2014-09-30 15:46:14.833000'),(5952,4,'15','Viewing','2014-09-30 15:46:17.170000'),(5953,4,'15','Viewing','2014-09-30 15:46:20.190000'),(5954,4,'15','Viewing','2014-09-30 15:46:22.480000'),(5955,4,'15','Update Visit.','2014-09-30 15:46:26.363000'),(5956,4,'15','Viewing','2014-09-30 15:46:28.503000'),(5957,4,'15','Viewing','2014-09-30 15:46:31.390000'),(5958,4,'Login','Login','2014-10-02 13:24:00.780000'),(5959,4,'Login','Login','2014-10-02 13:41:52.413000'),(5960,4,'Login','Login','2014-10-02 13:43:57.687000'),(5961,4,'5','Add New User','2014-10-02 13:44:26.573000'),(5962,4,'5','Add New Doctor.','2014-10-02 13:44:26.583000'),(5963,4,'5','Viewing Doctor Info','2014-10-02 13:44:41.503000'),(5964,4,'Logout','Logout','2014-10-02 13:44:42.783000'),(5965,10,'Login','Login','2014-10-02 13:44:51.047000'),(5966,4,'Login','Login','2014-10-02 14:13:50.797000'),(5967,4,'16','Viewing','2014-10-02 14:16:42.990000'),(5968,4,'10','Viewing','2014-10-02 14:17:03.697000'),(5969,4,'16','Viewing','2014-10-02 14:22:01.413000'),(5970,4,'16','Viewing','2014-10-02 14:22:39.453000'),(5971,4,'16','Viewing','2014-10-02 14:23:41.887000'),(5972,4,'4','Register New Patient','2014-10-03 14:28:06.483000'),(5973,4,'15','Add New Visit.','2014-10-03 14:29:22.520000'),(5974,4,'15','Viewing','2014-10-03 14:29:28.497000'),(5975,4,'15','Viewing','2014-10-03 14:29:38.683000'),(5976,4,'Login','Login','2014-10-03 14:31:57.927000'),(5977,4,'5','Add New User','2014-10-03 14:32:47.717000'),(5978,4,'5','Add New Doctor.','2014-10-03 14:32:47.727000'),(5979,4,'5','Viewing Doctor Info','2014-10-03 14:33:02.857000'),(5980,4,'Logout','Logout','2014-10-03 14:33:05.897000'),(5981,11,'Login','Login','2014-10-03 14:33:11.983000'),(5982,11,'10','Viewing','2014-10-03 14:33:27.300000'),(5983,4,'Login','Login','2014-10-08 14:37:54.890000'),(5984,4,'1','Viewing User Info.','2014-10-08 14:43:20.407000'),(5985,4,'2','Viewing User Level Info.','2014-10-08 14:43:41.807000'),(5986,4,'Logout','Logout','2014-10-08 15:18:43.183000'),(5987,4,'Login','Login','2014-10-14 16:12:43.647000'),(5988,4,'Login','Login','2014-10-30 14:54:56.087000'),(5989,4,'Login','Login','2014-10-30 14:55:33.527000'),(5990,4,'4','Register New Patient','2014-10-30 14:56:59.283000'),(5991,4,'4','Edit Patient Info.','2014-10-30 14:57:05.893000'),(5992,4,'4','Viewing Patients Info','2014-10-30 14:57:07.103000'),(5993,4,'5','Viewing Doctor Info','2014-10-30 14:57:10.000000'),(5994,4,'5','Viewing Doctor Info','2014-10-30 14:57:45.253000'),(5995,4,'10','Viewing','2014-10-30 14:57:49.950000'),(5996,4,'16','Viewing','2014-10-30 14:58:21.507000'),(5997,4,'2','Viewing User Level Info.','2014-10-30 15:00:02.460000'),(5998,4,'Logout','Logout','2014-10-30 15:00:14.920000'),(5999,4,'Login','Login','2014-10-30 15:00:58.317000'),(6000,4,'13','Viewing','2014-10-30 15:01:47.823000'),(6001,4,'12','Viewing','2014-10-30 15:01:51.060000'),(6002,4,'7','Viewing','2014-10-30 15:03:06.330000'),(6003,4,'16','Viewing','2014-10-30 15:15:09.560000'),(6004,4,'10','Viewing','2014-10-30 15:15:36.777000'),(6005,4,'16','Viewing','2014-10-30 15:17:02.783000'),(6006,4,'Logout','Logout','2014-10-30 15:17:27.780000'),(6007,4,'Login','Login','2014-10-30 15:26:25.350000'),(6008,4,'4','Viewing Patients Info','2014-10-30 15:34:03.557000'),(6009,4,'Logout','Logout','2014-10-30 15:34:05.603000'),(6988,4,'Login','Login','2014-12-01 17:26:56.513000'),(6989,4,'Login','Login','2014-12-01 18:29:21.163000'),(6990,4,'Login','Login','2014-12-02 06:23:01.093000'),(6991,4,'Login','Login','2014-12-02 13:56:57.477000'),(6992,4,'Login','Login','2014-12-03 16:57:58.810000'),(6993,4,'Login','Login','2014-12-03 17:02:02.667000'),(6994,4,'5','Viewing Doctor Info','2014-12-03 17:07:16.660000'),(6995,4,'7','Viewing','2014-12-03 17:11:39.247000'),(6996,4,'Logout','Logout','2014-12-03 17:14:30.460000'),(7991,4,'Login','Login','2014-12-10 11:54:53.167000'),(7992,4,'10','Viewing','2014-12-10 11:55:21.630000'),(7993,4,'Login','Login','2014-12-10 12:28:51.057000'),(7994,4,'4','Edit Patient Info.','2014-12-10 12:28:57.023000'),(7995,4,'4','Viewing Patients Info','2014-12-10 12:29:01.900000'),(7996,4,'10','Viewing','2014-12-10 12:29:06.503000'),(7997,4,'4','Viewing Patients Info','2014-12-10 12:29:13.267000'),(7998,4,'Login','Login','2014-12-10 12:29:40.363000'),(7999,4,'4','Viewing Patients Info','2014-12-10 12:29:48.827000'),(8000,4,'10','Viewing','2014-12-10 12:29:56.857000'),(8001,4,'4','Viewing Patients Info','2014-12-10 12:30:06.763000'),(8002,4,'Logout','Logout','2014-12-10 12:30:13.847000'),(8003,4,'Login','Login','2014-12-10 12:31:02.640000'),(8004,4,'10','Viewing','2014-12-10 12:31:12.120000'),(8005,4,'4','Viewing Patients Info','2014-12-10 12:31:21.090000'),(8006,4,'Login','Login','2014-12-10 12:35:30.777000'),(8007,4,'10','Viewing','2014-12-10 12:35:40.070000'),(8008,4,'4','Viewing Patients Info','2014-12-10 12:36:05.543000'),(8009,4,'16','Viewing','2014-12-10 12:36:22.207000'),(8010,4,'Login','Login','2014-12-10 15:32:31.090000'),(8011,4,'10','Viewing','2014-12-10 15:33:20.790000'),(8012,4,'4','Viewing Patients Info','2014-12-10 15:33:26.423000'),(8013,4,'Logout','Logout','2014-12-10 15:33:32.613000'),(8014,4,'Login','Login','2014-12-10 15:36:22.620000'),(8015,4,'10','Viewing','2014-12-10 15:36:33.813000'),(8016,4,'4','Viewing Patients Info','2014-12-10 15:36:41.117000'),(8017,4,'Logout','Logout','2014-12-10 15:36:42.347000'),(8018,4,'Login','Login','2014-12-13 13:13:46.867000'),(8019,4,'10','Viewing','2014-12-13 13:14:01.080000'),(8020,4,'4','Viewing Patients Info','2014-12-13 13:14:10.493000'),(8021,4,'Logout','Logout','2014-12-13 13:14:21.303000'),(8022,4,'Login','Login','2014-12-19 14:28:19.557000'),(8023,4,'4','Edit Patient Info.','2014-12-19 14:29:47.003000'),(8024,4,'4','Viewing Patients Info','2014-12-19 14:30:20.683000'),(8025,4,'10','Viewing','2014-12-19 14:30:30.187000'),(8026,4,'10','Viewing','2014-12-19 14:31:12.717000'),(8027,4,'Logout','Logout','2014-12-19 14:36:24.697000'),(8028,4,'Login','Login','2014-12-19 15:49:38.800000'),(8029,4,'5','Viewing Doctor Info','2014-12-19 15:49:53.897000'),(8030,4,'4','Viewing Patients Info','2014-12-19 16:02:54.553000'),(8031,4,'1','Viewing User Info.','2014-12-19 16:05:28.253000'),(8032,4,'2','Viewing User Level Info.','2014-12-19 16:05:54.840000'),(8033,4,'1','Viewing User Info.','2014-12-19 16:06:53.497000'),(8034,4,'Login','Login','2014-12-19 16:07:46.940000'),(8035,4,'4','Edit Patient Info.','2014-12-19 16:09:25.913000'),(8036,4,'4','Viewing Patients Info','2014-12-19 16:09:27.103000'),(8037,4,'2','Viewing User Level Info.','2014-12-19 16:09:31.140000'),(8038,4,'Login','Login','2014-12-27 12:19:30.180000'),(8039,4,'4','Edit Patient Info.','2014-12-27 12:20:04.350000'),(8040,4,'4','Viewing Patients Info','2014-12-27 12:20:42.380000'),(8041,4,'1','Viewing User Info.','2014-12-27 12:21:25.613000'),(8042,4,'2','Viewing User Level Info.','2014-12-27 12:25:51.210000'),(8043,4,'5','Edit Doctor Info.','2014-12-27 12:27:52.457000'),(8044,4,'5','Edit Doctor Info.','2014-12-27 12:27:58.173000'),(8045,4,'5','Edit Doctor Info.','2014-12-27 12:28:09.720000'),(8046,4,'5','Viewing Doctor Info','2014-12-27 12:28:12.607000'),(9018,4,'Login','Login','2015-01-02 14:14:22.317000'),(9019,4,'16','Viewing','2015-01-02 14:16:56.963000'),(9020,4,'4','Viewing Patients Info','2015-01-02 14:19:04.497000'),(9021,4,'5','Viewing Doctor Info','2015-01-02 14:19:15.927000'),(9022,4,'1','Viewing User Info.','2015-01-02 14:20:26.757000'),(9023,4,'2','Viewing User Level Info.','2015-01-02 14:20:31.067000'),(9024,4,'10','Viewing','2015-01-02 14:21:47.457000'),(9025,4,'Login','Login','2015-01-10 00:58:18.473000'),(9026,4,'4','Viewing Patients Info','2015-01-10 00:58:26.450000'),(9027,4,'Login','Login','2015-01-10 00:58:51.670000'),(9028,4,'10','Viewing','2015-01-10 00:59:13.787000'),(9029,4,'4','Viewing Patients Info','2015-01-10 00:59:44.023000'),(9030,4,'10','Viewing','2015-01-10 01:00:33.560000'),(9031,4,'4','Detail View Patient Info.','2015-01-10 01:00:48.840000'),(9032,4,'4','Viewing Patients Info','2015-01-10 01:00:49.523000'),(9033,4,'Login','Login','2015-01-10 01:01:07.077000'),(9034,4,'1','Viewing User Info.','2015-01-10 01:01:10.800000'),(9035,4,'Login','Login','2015-01-10 11:23:28.930000'),(9036,4,'Login','Login','2015-01-10 11:41:28.323000'),(9037,4,'Login','Login','2015-01-16 03:33:51.023000'),(9038,4,'13','Add New Frequency.','2015-01-16 03:34:40.713000'),(9039,4,'13','Viewing','2015-01-16 03:34:55.677000'),(9040,4,'5','Viewing Doctor Info','2015-01-16 03:35:04.267000'),(9041,4,'Login','Login','2015-01-16 03:35:20.073000'),(9042,4,'13','Update Frequency.','2015-01-16 03:35:35.033000'),(9043,4,'13','Update Frequency.','2015-01-16 03:35:43.203000'),(9044,4,'13','Viewing','2015-01-16 03:36:06.170000'),(9045,4,'Login','Login','2015-01-16 03:40:40.957000'),(9046,4,'13','Add New Frequency.','2015-01-16 03:40:57.997000'),(9047,4,'13','Add New Frequency.','2015-01-16 03:41:10.057000'),(9048,4,'13','Add New Frequency.','2015-01-16 03:41:16.587000'),(9049,4,'13','Add New Frequency.','2015-01-16 03:41:25.337000'),(9050,4,'13','Viewing','2015-01-16 03:42:17.610000'),(9051,4,'13','Viewing','2015-01-16 03:42:23.050000'),(9052,4,'Login','Login','2015-01-16 03:43:42.537000'),(9053,4,'13','Add New Frequency.','2015-01-16 03:43:52.917000'),(9054,4,'13','Add New Frequency.','2015-01-16 03:45:14.230000'),(9055,4,'13','Add New Frequency.','2015-01-16 03:46:04.927000'),(9056,4,'Login','Login','2015-01-16 03:47:22.807000'),(9057,4,'13','Add New Frequency.','2015-01-16 03:47:31.703000'),(9058,4,'13','Add New Frequency.','2015-01-16 03:47:48.607000'),(9059,4,'13','Update Frequency.','2015-01-16 03:47:53.307000'),(9060,4,'13','Viewing','2015-01-16 03:48:20.463000'),(9061,4,'6','Viewing','2015-01-16 03:48:26.400000'),(9062,4,'6','Viewing','2015-01-16 03:48:29.147000'),(9063,4,'11','Viewing','2015-01-16 03:48:35.107000'),(9064,4,'12','Viewing','2015-01-16 03:48:38.327000'),(9065,4,'10','Viewing','2015-01-16 03:48:44.333000'),(9066,4,'Login','Login','2015-01-16 22:37:01.467000'),(9067,4,'Login','Login','2015-01-16 22:43:25.270000'),(9068,4,'Login','Login','2015-01-16 22:44:02.747000'),(9069,4,'Login','Login','2015-01-16 22:49:37.767000'),(9070,4,'Login','Login','2015-01-16 22:57:02.467000'),(9071,4,'1','Viewing User Info.','2015-01-16 22:57:15.120000'),(9072,4,'4','Viewing Patients Info','2015-01-16 22:57:26.217000'),(9073,4,'7','Viewing','2015-01-16 22:57:34.900000'),(9074,4,'6','Viewing','2015-01-16 22:57:38.830000'),(9075,4,'6','Viewing','2015-01-16 22:57:42.997000'),(9076,4,'11','Viewing','2015-01-16 22:57:45.470000'),(9077,4,'12','Viewing','2015-01-16 22:57:47.860000'),(9078,4,'13','Viewing','2015-01-16 22:58:08.717000'),(9079,4,'10','Viewing','2015-01-16 22:58:10.950000'),(9080,4,'Logout','Logout','2015-01-16 22:58:41.523000'),(9081,4,'Login','Login','2015-01-16 23:37:08.057000'),(9082,4,'10','Viewing','2015-01-16 23:37:17.387000'),(9083,4,'Login','Login','2015-01-16 23:40:06.547000'),(9084,4,'10','Viewing','2015-01-16 23:40:11.200000'),(9085,4,'10','Update Clinic Time.','2015-01-16 23:43:15.360000'),(9086,4,'10','Viewing','2015-01-16 23:43:18.777000'),(9087,4,'Login','Login','2015-01-16 23:46:17.457000'),(9088,4,'10','Viewing','2015-01-16 23:46:21.937000'),(9089,4,'10','Update Clinic Time.','2015-01-16 23:47:10.507000'),(9090,4,'10','Update Clinic Time.','2015-01-16 23:47:32.447000'),(9091,4,'10','Update Clinic Time.','2015-01-16 23:47:47.840000'),(9092,4,'Login','Login','2015-01-16 23:48:55.303000'),(9093,4,'10','Viewing','2015-01-16 23:48:59.797000'),(9094,4,'10','Update Clinic Time.','2015-01-16 23:49:29.417000'),(9095,4,'Login','Login','2015-01-16 23:50:51.810000'),(9096,4,'10','Viewing','2015-01-16 23:50:56.380000'),(9097,4,'10','Update Clinic Time.','2015-01-16 23:51:11.347000'),(9098,4,'10','Update Clinic Time.','2015-01-16 23:51:25.900000'),(9099,4,'10','Update Clinic Time.','2015-01-16 23:51:52.453000'),(9100,4,'10','Delete Clinic Time.','2015-01-16 23:51:59.767000'),(9101,4,'10','Viewing','2015-01-16 23:52:02.433000'),(9102,4,'10','Update Clinic Time.','2015-01-16 23:52:29.913000'),(9103,4,'10','Viewing','2015-01-16 23:52:38.097000'),(9104,4,'6','Viewing','2015-01-16 23:53:19.183000'),(9105,4,'Login','Login','2015-01-16 23:55:54.080000'),(9106,4,'Login','Login','2015-01-16 23:58:20.510000'),(9107,4,'13','Viewing','2015-01-16 23:58:35.053000'),(9108,4,'7','Viewing','2015-01-16 23:58:44.403000'),(9109,4,'Login','Login','2015-01-17 00:00:19.687000'),(9110,4,'7','Add New Test Name.','2015-01-17 00:00:37.740000'),(9111,4,'7','Add New Test Name.','2015-01-17 00:00:43.950000'),(9112,4,'7','Viewing','2015-01-17 00:00:55.447000'),(9113,4,'Login','Login','2015-01-17 00:07:03.047000'),(9114,4,'7','Viewing','2015-01-17 00:07:09.300000'),(9115,4,'6','Update Title.','2015-01-17 00:07:48.423000'),(9116,4,'6','Viewing','2015-01-17 00:08:22.433000'),(9117,4,'6','Add New Specialize.','2015-01-17 00:08:34.267000'),(9118,4,'6','Add New Specialize.','2015-01-17 00:08:50.257000'),(9119,4,'6','Viewing','2015-01-17 00:09:05.297000'),(9120,4,'11','Viewing','2015-01-17 00:09:14.123000'),(9121,4,'12','Viewing','2015-01-17 00:09:21.217000'),(9122,4,'7','Viewing','2015-01-17 00:09:24.250000'),(9123,4,'4','Viewing Patients Info','2015-01-17 00:09:27.713000'),(9124,4,'5','Edit Doctor Info.','2015-01-17 00:09:39.260000'),(9125,4,'5','Viewing Doctor Info','2015-01-17 00:09:39.870000'),(9126,4,'Login','Login','2015-01-17 00:16:46.427000'),(9127,4,'10','Viewing','2015-01-17 00:16:53.377000'),(9128,4,'Login','Login','2015-01-17 00:28:42.737000'),(9129,4,'10','Viewing','2015-01-17 00:28:48.377000'),(9130,4,'Login','Login','2015-01-17 00:37:14.440000'),(9131,4,'10','Viewing','2015-01-17 00:37:17.967000'),(9132,4,'Login','Login','2015-01-17 00:43:16.043000'),(9133,4,'10','Viewing','2015-01-17 00:43:19.540000'),(9134,4,'Login','Login','2015-01-17 00:46:56.100000'),(9135,4,'10','Viewing','2015-01-17 00:46:59.360000'),(9136,4,'Login','Login','2015-01-17 01:03:04.713000'),(9137,4,'10','Viewing','2015-01-17 01:03:09.047000'),(9138,4,'Login','Login','2015-01-17 01:03:51.083000'),(9139,4,'10','Viewing','2015-01-17 01:03:54.137000'),(9140,4,'Login','Login','2015-01-17 01:05:23.983000'),(9141,4,'10','Viewing','2015-01-17 01:05:27.193000'),(9142,4,'Login','Login','2015-01-17 01:08:47.987000'),(9143,4,'10','Viewing','2015-01-17 01:08:50.997000'),(9144,4,'Login','Login','2015-01-17 01:13:34.437000'),(9145,4,'10','Viewing','2015-01-17 01:13:37.697000'),(9146,4,'Login','Login','2015-01-17 10:43:54.290000'),(9147,4,'13','Viewing','2015-01-17 10:44:27.367000'),(9148,4,'12','Viewing','2015-01-17 10:44:33.383000'),(9149,4,'12','Add New diagnosis.','2015-01-17 10:44:55.470000'),(9150,4,'12','Viewing','2015-01-17 10:45:07.517000'),(9151,4,'11','Viewing','2015-01-17 10:45:33.983000'),(9152,4,'10','Viewing','2015-01-17 10:45:35.560000'),(9153,4,'10','Update Clinic Time.','2015-01-17 10:46:43.723000'),(9154,4,'Login','Login','2015-01-19 13:22:49.970000'),(9155,4,'10','Viewing','2015-01-19 13:22:56.400000'),(9156,4,'Login','Login','2015-01-19 13:25:19.627000'),(9157,4,'10','Viewing','2015-01-19 13:25:25.290000'),(9158,4,'10','Viewing','2015-01-19 13:28:11.827000'),(9159,4,'Login','Login','2015-01-19 13:29:05.027000'),(9160,4,'10','Viewing','2015-01-19 13:29:09.237000'),(9161,4,'Login','Login','2015-01-19 13:29:43.630000'),(9162,4,'10','Viewing','2015-01-19 13:29:47.753000'),(9163,4,'Login','Login','2015-01-19 13:30:46.263000'),(9164,4,'10','Viewing','2015-01-19 13:30:50.337000'),(9165,4,'Login','Login','2015-01-19 13:33:33.137000'),(9166,4,'10','Viewing','2015-01-19 13:33:36.913000'),(9167,4,'Login','Login','2015-01-19 13:34:28.640000'),(9168,4,'10','Viewing','2015-01-19 13:34:32.363000'),(9169,4,'Login','Login','2015-01-19 13:36:58.233000'),(9170,4,'10','Viewing','2015-01-19 13:37:02.410000'),(9171,4,'Login','Login','2015-01-19 13:39:31.840000'),(9172,4,'10','Viewing','2015-01-19 13:39:35.467000'),(9173,4,'Login','Login','2015-01-19 13:45:24.457000'),(9174,4,'10','Viewing','2015-01-19 13:45:28.197000'),(9175,4,'Login','Login','2015-01-19 13:52:21.737000'),(9176,4,'Login','Login','2015-01-27 02:05:20.083000'),(9177,4,'Login','Login','2015-01-27 02:16:08.010000'),(9178,4,'7','Add New Test Name.','2015-01-27 02:16:19.237000'),(9179,4,'7','Add New Test Name.','2015-01-27 02:16:24.527000'),(9180,4,'Login','Login','2015-01-27 02:20:59.980000'),(9181,4,'7','Add New Medicine Type Name.','2015-01-27 02:21:10.683000'),(9182,4,'7','Update Test Name.','2015-01-27 02:21:18.397000'),(9183,4,'Login','Login','2015-01-27 02:24:33.800000'),(9184,4,'Login','Login','2015-01-27 02:27:49.217000'),(9185,4,'7','Add New Medicine Type Name.','2015-01-27 02:28:09.757000'),(9186,4,'7','Add New Medicine Type Name.','2015-01-27 02:28:39.007000'),(9187,4,'7','Add New Medicine Type Name.','2015-01-27 02:29:05.250000'),(9188,4,'7','Update Test Name.','2015-01-27 02:29:45.790000'),(9189,4,'Login','Login','2015-01-27 10:16:05.637000'),(9190,4,'Login','Login','2015-01-27 10:54:35.120000'),(9191,4,'7','Update Test Name.','2015-01-27 10:55:14.470000'),(9192,4,'Login','Login','2015-01-27 11:34:27.667000'),(9193,4,'Login','Login','2015-01-27 11:36:26.633000'),(9194,4,'Login','Login','2015-01-27 11:37:17.697000'),(9195,4,'Login','Login','2015-01-27 11:37:37.850000'),(9196,4,'7','Add New Chemical Name.','2015-01-27 11:37:43.250000'),(9197,4,'7','Add New Chemical Name.','2015-01-27 11:38:38.147000'),(9198,4,'7','Add New Chemical Name.','2015-01-27 11:38:41.253000'),(9199,4,'7','Add New Chemical Name.','2015-01-27 11:38:46.780000'),(9200,4,'7','Add New Chemical Name.','2015-01-27 11:38:51.727000'),(9201,4,'7','Update Test Name.','2015-01-27 11:41:26.743000'),(9202,4,'Login','Login','2015-01-27 11:42:10.893000'),(9203,4,'7','Update Test Name.','2015-01-27 11:42:19.417000'),(9204,4,'Login','Login','2015-01-27 12:04:42.083000'),(9205,4,'Login','Login','2015-01-27 12:08:13.030000'),(9206,4,'Login','Login','2015-01-27 12:09:22.837000'),(9207,4,'7','Add New Manufacturer.','2015-01-27 12:09:41.093000'),(9208,4,'7','Add New Manufacturer.','2015-01-27 12:09:48.343000'),(9209,4,'Login','Login','2015-01-27 12:12:46.987000'),(9210,4,'7','Update Test Name.','2015-01-27 12:13:05.890000'),(9211,4,'7','Update Test Name.','2015-01-27 12:13:15.117000'),(9212,4,'Login','Login','2015-01-27 12:21:10.237000'),(9213,4,'7','Add New Body System.','2015-01-27 12:21:16.670000'),(9214,4,'7','Update Test Name.','2015-01-27 12:21:23.737000'),(9215,4,'7','Update Test Name.','2015-01-27 12:21:27.060000'),(9216,4,'7','Add New Body System.','2015-01-27 12:22:37.633000'),(9217,4,'7','Update Test Name.','2015-01-27 12:22:46.007000'),(9218,4,'7','Update Test Name.','2015-01-27 12:23:00.127000'),(9219,4,'Login','Login','2015-01-27 12:24:43.487000'),(9220,4,'7','Update Test Name.','2015-01-27 12:24:50.723000'),(9221,4,'7','Add New Body System.','2015-01-27 12:24:59.420000'),(9222,4,'7','Add New Body System.','2015-01-27 12:25:05.170000'),(9223,4,'Login','Login','2015-01-28 10:15:32.457000'),(9224,4,'Logout','Logout','2015-01-28 10:15:53.610000'),(9225,4,'Login','Login','2015-01-28 10:16:56.877000'),(9226,4,'Logout','Logout','2015-01-28 10:17:15.347000'),(9227,4,'Login','Login','2015-01-28 10:17:45.133000'),(9228,4,'Login','Login','2015-01-28 10:18:12.167000'),(9229,4,'Login','Login','2015-01-28 10:19:28.637000'),(9230,4,'Login','Login','2015-01-28 10:21:04.983000'),(9231,4,'Login','Login','2015-01-28 10:22:55.190000'),(9232,4,'Login','Login','2015-01-28 10:23:51.917000'),(9233,4,'Login','Login','2015-01-28 10:31:52.047000'),(9234,4,'Login','Login','2015-01-28 10:32:31.550000'),(9235,4,'Login','Login','2015-01-28 10:58:48.960000'),(9236,4,'Login','Login','2015-01-28 10:59:16.660000'),(9237,4,'Login','Login','2015-01-28 11:04:28.667000'),(9238,4,'7','Viewing','2015-01-28 11:05:33.110000'),(9239,4,'6','Viewing','2015-01-28 11:05:36.810000'),(9240,4,'Login','Login','2015-01-29 11:40:49.013000'),(9241,4,'Login','Login','2015-01-29 11:49:50.750000'),(9242,4,'Logout','Logout','2015-01-29 11:50:00.560000'),(9243,4,'Login','Login','2015-01-29 11:50:06.277000'),(9244,4,'Login','Login','2015-01-29 12:01:23.590000'),(9245,4,'Login','Login','2015-01-29 12:03:06.270000'),(9246,4,'Login','Login','2015-01-29 12:04:42.660000'),(9247,4,'Login','Login','2015-01-29 12:06:09.213000'),(9248,4,'Login','Login','2015-01-29 12:07:14.640000'),(9249,4,'Login','Login','2015-01-29 12:08:33.790000'),(9250,4,'Login','Login','2015-01-29 12:09:59.177000'),(9251,4,'Login','Login','2015-01-29 12:15:45.350000'),(9252,4,'Login','Login','2015-01-29 12:17:03.057000'),(9253,4,'Login','Login','2015-01-29 12:20:35.010000'),(9254,4,'Login','Login','2015-01-29 12:22:56.203000'),(9255,4,'Login','Login','2015-01-29 12:29:24.707000'),(9256,4,'Login','Login','2015-01-29 12:30:27.440000'),(9257,4,'Login','Login','2015-01-29 12:33:34.497000'),(9258,4,'Login','Login','2015-01-29 12:36:06.090000'),(9259,4,'Login','Login','2015-01-29 12:36:38.537000'),(9260,4,'Login','Login','2015-02-03 23:38:32.937000'),(9261,4,'7','Add New Lab Category Name.','2015-02-03 23:38:45.587000'),(9262,4,'7','Add New Lab Category Name.','2015-02-03 23:38:49.920000'),(9263,4,'7','Update Test Name.','2015-02-03 23:39:02.973000'),(9264,4,'Login','Login','2015-02-04 00:49:01.720000'),(9265,4,'Login','Login','2015-02-04 00:50:41.253000'),(9266,4,'Login','Login','2015-02-04 00:54:57.267000'),(9267,4,'Login','Login','2015-02-04 00:58:22.740000'),(9268,4,'7','Add New Lab Test Name.','2015-02-04 00:58:44.697000'),(9269,4,'7','Add New Lab Test Name.','2015-02-04 00:58:58.250000'),(9270,4,'Login','Login','2015-02-04 01:00:22.077000'),(9271,4,'Login','Login','2015-02-04 01:01:12.710000'),(9272,4,'Login','Login','2015-02-04 01:03:56.957000'),(9273,4,'Login','Login','2015-02-04 01:06:08.313000'),(9274,4,'Login','Login','2015-02-04 01:06:39.440000'),(9275,4,'Login','Login','2015-02-04 01:08:03.750000'),(9276,4,'Login','Login','2015-02-04 01:09:08.187000'),(9277,4,'7','Update Test Name.','2015-02-04 01:09:14.527000'),(9278,4,'Login','Login','2015-02-04 01:25:27.397000'),(9279,4,'Login','Login','2015-02-04 01:26:04.727000'),(9280,4,'7','Add New Lab Sub Test Name.','2015-02-04 01:26:22.213000'),(9281,4,'7','Add New Lab Sub Test Name.','2015-02-04 01:26:33.420000'),(9282,4,'Login','Login','2015-02-04 01:27:45.607000'),(9283,4,'Login','Login','2015-02-04 01:28:15.827000'),(9284,4,'7','Update Test Name.','2015-02-04 01:28:27.313000'),(9285,4,'Login','Login','2015-02-05 10:55:05.740000'),(9286,4,'Login','Login','2015-02-05 10:55:58.503000'),(9287,4,'Logout','Logout','2015-02-05 10:56:19.280000'),(9288,4,'Login','Login','2015-02-05 11:31:12.807000'),(9289,4,'7','Add New Lab Test Name.','2015-02-05 11:31:49.143000'),(9290,4,'Login','Login','2015-02-05 11:39:22.893000'),(9291,4,'7','Update Lab Test Name.','2015-02-05 11:39:34.857000'),(9292,4,'Login','Login','2015-02-05 11:46:14.853000'),(9293,4,'7','Update Lab Test Name.','2015-02-05 11:46:30.113000'),(9294,4,'7','Update Lab Test Name.','2015-02-05 11:46:46.647000'),(9295,4,'Login','Login','2015-02-05 11:51:38.037000'),(9296,4,'Login','Login','2015-02-05 11:58:50.750000'),(9297,4,'7','Update Test Name.','2015-02-05 11:59:05.880000'),(9298,4,'Login','Login','2015-02-05 23:36:42.913000'),(9299,4,'7','Viewing','2015-02-05 23:36:58.307000'),(9300,4,'Login','Login','2015-02-05 23:41:42.630000'),(9301,4,'Login','Login','2015-02-05 23:42:14.593000'),(9302,4,'7','Update Test Name.','2015-02-05 23:42:24.523000'),(9303,4,'7','Update Test Name.','2015-02-05 23:42:38.227000'),(9304,4,'7','Update Test Name.','2015-02-05 23:42:47.927000'),(9305,4,'7','Add New Test Name.','2015-02-05 23:42:55.350000'),(9306,4,'7','Update Test Name.','2015-02-05 23:43:02.550000'),(9307,4,'7','Viewing','2015-02-05 23:43:06.210000'),(9308,4,'Login','Login','2015-02-20 23:56:51.277000'),(9309,4,'4','Register New Patient','2015-02-20 23:57:46.537000'),(9310,4,'4','Detail View Patient Info.','2015-02-20 23:58:28.503000'),(9311,4,'4','Viewing Patients Info','2015-02-20 23:58:32.667000'),(9312,4,'Login','Login','2015-02-24 18:23:11.033000'),(9313,4,'4','Viewing Patients Info','2015-02-24 18:23:36.173000'),(9314,4,'Login','Login','2015-02-24 18:24:17.017000'),(9315,4,'4','Viewing Patients Info','2015-02-24 18:24:30.490000'),(9316,4,'Login','Login','2015-02-24 18:26:51.373000'),(9317,4,'4','Viewing Patients Info','2015-02-24 18:27:08.597000'),(9318,4,'Login','Login','2015-02-24 18:27:38.867000'),(9319,4,'4','Viewing Patients Info','2015-02-24 18:28:07.480000'),(9320,4,'Login','Login','2015-02-24 18:29:06.383000'),(9321,4,'4','Viewing Patients Info','2015-02-24 18:29:24.597000'),(9322,4,'Login','Login','2015-02-24 18:29:52.753000'),(9323,4,'4','Viewing Patients Info','2015-02-24 18:30:02.203000'),(9324,4,'Login','Login','2015-02-24 18:30:45.290000'),(9325,4,'4','Viewing Patients Info','2015-02-24 18:30:54.067000'),(9326,4,'Login','Login','2015-02-24 18:31:08.733000'),(9327,4,'4','Viewing Patients Info','2015-02-24 18:31:31.473000'),(9328,4,'Login','Login','2015-02-24 18:37:31.943000'),(9329,4,'4','Detail View Patient Info.','2015-02-24 18:37:46.033000'),(9330,4,'4','Edit Patient Info.','2015-02-24 18:37:48.563000'),(9331,4,'4','Edit Patient Info.','2015-02-24 18:37:51.957000'),(9332,4,'4','Detail View Patient Info.','2015-02-24 18:37:55.570000'),(9333,4,'4','Edit Patient Info.','2015-02-24 18:37:57.797000'),(9334,4,'4','Edit Patient Info.','2015-02-24 18:38:00.403000'),(9335,4,'4','Viewing Patients Info','2015-02-24 18:38:02.213000'),(9336,4,'Login','Login','2015-02-24 18:42:16.427000'),(9337,4,'4','Detail View Patient Info.','2015-02-24 18:42:25.597000'),(9338,4,'4','Detail View Patient Info.','2015-02-24 18:43:04.317000'),(9339,4,'4','Viewing Patients Info','2015-02-24 18:43:05.437000'),(9340,4,'Login','Login','2015-02-24 18:44:32.263000'),(9341,4,'4','Edit Patient Info.','2015-02-24 18:44:42.653000'),(9342,4,'4','Viewing Patients Info','2015-02-24 18:44:43.860000'),(9343,4,'Login','Login','2015-02-24 18:45:06.883000'),(9344,4,'4','Detail View Patient Info.','2015-02-24 18:45:14.777000'),(9345,4,'4','Detail View Patient Info.','2015-02-24 18:45:22.437000'),(9346,4,'4','Viewing Patients Info','2015-02-24 18:45:23.000000'),(9347,4,'Login','Login','2015-02-24 18:45:43.463000'),(9348,4,'4','Edit Patient Info.','2015-02-24 18:46:11.613000'),(9349,4,'4','Viewing Patients Info','2015-02-24 18:46:12.380000'),(9350,4,'Login','Login','2015-02-25 11:21:51.703000'),(9351,4,'4','Edit Patient Info.','2015-02-25 11:22:08.903000'),(9352,4,'4','Edit Patient Info.','2015-02-25 11:22:15.573000'),(9353,4,'4','Edit Patient Info.','2015-02-25 11:23:25.810000'),(9354,4,'4','Viewing Patients Info','2015-02-25 11:23:26.837000'),(9355,4,'Login','Login','2015-02-25 11:23:59.397000'),(9356,4,'4','Edit Patient Info.','2015-02-25 11:24:56.287000'),(9357,4,'4','Viewing Patients Info','2015-02-25 11:24:57.513000'),(9358,4,'Login','Login','2015-02-25 11:26:23.063000'),(9359,4,'4','Edit Patient Info.','2015-02-25 11:26:32.763000'),(9360,4,'4','Edit Patient Info.','2015-02-25 11:26:50.977000'),(9361,4,'4','Update Patient Info','2015-02-25 11:27:10.857000'),(9362,4,'4','Edit Patient Info.','2015-02-25 11:27:16.000000'),(9363,4,'4','Viewing Patients Info','2015-02-25 11:27:17.420000'),(9364,4,'Login','Login','2015-02-25 11:31:11.400000'),(9365,4,'4','Register New Patient','2015-02-25 11:31:48.853000'),(9366,4,'4','Edit Patient Info.','2015-02-25 11:32:09.247000'),(9367,4,'4','Edit Patient Info.','2015-02-25 11:32:12.273000'),(9368,4,'4','Edit Patient Info.','2015-02-25 11:32:20.827000'),(9369,4,'4','Edit Patient Info.','2015-02-25 11:32:24.347000'),(9370,4,'4','Edit Patient Info.','2015-02-25 11:32:29.010000'),(9371,4,'4','Update Patient Info','2015-02-25 11:32:41.523000'),(9372,4,'4','Edit Patient Info.','2015-02-25 11:32:45.037000'),(9373,4,'4','Edit Patient Info.','2015-02-25 11:32:50.023000'),(9374,4,'4','Update Patient Info','2015-02-25 11:32:54.590000'),(9375,4,'4','Update Patient Info','2015-02-25 11:32:57.400000'),(9376,4,'4','Edit Patient Info.','2015-02-25 11:33:01.847000'),(9377,4,'4','Viewing Patients Info','2015-02-25 11:33:05.957000'),(9378,4,'7','Add New Medicine Unit Name.','2015-02-25 11:33:15.393000'),(9379,4,'7','Update Test Name.','2015-02-25 11:33:23.457000'),(9380,4,'4','Edit Patient Info.','2015-02-25 11:34:05.013000'),(9381,4,'4','Viewing Patients Info','2015-02-25 11:34:06.837000'),(9382,4,'Login','Login','2015-03-06 13:23:28.780000'),(9383,4,'Login','Login','2015-03-06 13:23:57.447000'),(9384,4,'Login','Login','2015-03-06 13:25:35.687000'),(9385,4,'4','Viewing Patients Info','2015-03-06 13:30:40.497000'),(9386,4,'5','Viewing Doctor Info','2015-03-06 13:30:48.353000'),(9387,4,'Login','Login','2015-03-06 13:40:03.360000'),(9388,4,'Login','Login','2015-03-06 13:42:03.040000'),(9389,4,'Login','Login','2015-03-06 13:44:09.863000'),(9390,4,'Login','Login','2015-03-06 18:29:55.027000'),(9391,4,'Login','Login','2015-03-06 18:30:38.233000'),(9392,4,'Login','Login','2015-03-06 18:39:51.303000'),(9393,4,'Login','Login','2015-03-06 18:43:30.373000'),(9394,4,'Login','Login','2015-03-06 18:53:17.093000'),(9395,4,'Login','Login','2015-03-06 18:54:59.247000'),(9396,4,'Login','Login','2015-03-11 23:50:15.597000'),(9397,4,'Login','Login','2015-03-11 23:50:46.473000'),(9398,4,'Login','Login','2015-03-11 23:51:33.737000'),(9399,4,'Login','Login','2015-03-11 23:51:56.580000'),(9400,4,'Login','Login','2015-03-12 00:06:33.387000'),(9401,4,'Login','Login','2015-03-12 00:07:24.097000'),(9402,4,'Login','Login','2015-03-12 00:07:57.643000'),(9403,4,'Login','Login','2015-03-12 00:09:33.340000'),(9404,4,'Login','Login','2015-03-12 00:09:56.697000'),(9405,4,'Login','Login','2015-03-12 00:13:22.770000'),(9406,4,'Login','Login','2015-03-12 00:20:22.497000'),(9407,4,'Login','Login','2015-03-12 00:28:28.257000'),(9408,4,'Login','Login','2015-03-12 00:30:45.927000'),(9409,4,'Login','Login','2015-03-12 00:32:23.917000'),(9410,4,'Login','Login','2015-03-12 00:45:04.047000'),(9411,4,'Login','Login','2015-03-12 00:50:02.450000'),(9412,4,'Login','Login','2015-03-12 00:51:10.970000'),(9413,4,'Login','Login','2015-03-12 00:53:52.830000'),(9414,4,'Login','Login','2015-03-12 00:54:24.390000'),(9415,4,'Login','Login','2015-03-12 00:56:32.967000'),(9416,4,'Login','Login','2015-03-12 00:59:26.337000'),(9417,4,'Login','Login','2015-03-12 01:00:39.713000'),(9418,4,'Login','Login','2015-03-13 10:40:03.493000'),(9419,4,'Login','Login','2015-03-13 10:46:54.990000'),(9420,4,'4','Edit Patient Info.','2015-03-13 10:47:35.620000'),(9421,4,'4','Viewing Patients Info','2015-03-13 10:47:36.430000'),(9422,4,'Login','Login','2015-03-13 10:55:56.210000'),(9423,4,'4','Edit Patient Info.','2015-03-13 10:57:56.530000'),(9424,4,'4','Viewing Patients Info','2015-03-13 10:57:57.607000'),(9425,4,'Login','Login','2015-03-13 10:59:05.283000'),(9426,4,'4','Edit Patient Info.','2015-03-13 10:59:16.883000'),(9427,4,'4','Viewing Patients Info','2015-03-13 10:59:17.833000'),(9428,4,'Login','Login','2015-03-13 11:00:42.000000'),(9429,4,'4','Edit Patient Info.','2015-03-13 11:01:10.837000'),(9430,4,'4','Viewing Patients Info','2015-03-13 11:01:11.697000'),(9431,4,'Login','Login','2015-03-13 11:06:00.347000'),(9432,4,'4','Edit Patient Info.','2015-03-13 11:06:45.080000'),(9433,4,'4','Viewing Patients Info','2015-03-13 11:06:50.007000'),(9434,4,'Login','Login','2015-03-13 11:25:57.037000'),(9435,4,'4','Viewing Patients Info','2015-03-13 11:26:08.163000'),(9436,4,'Login','Login','2015-03-16 20:35:33.003000'),(9437,4,'Login','Login','2015-03-16 20:39:23.817000'),(9438,4,'Login','Login','2015-03-16 20:50:55.297000'),(9439,4,'Login','Login','2015-03-16 20:59:11.697000'),(9440,4,'Login','Login','2015-03-16 21:31:30.950000'),(9441,4,'Login','Login','2015-03-16 21:33:06.643000'),(9442,4,'Login','Login','2015-03-16 23:59:38.423000'),(9443,4,'4','Edit Patient Info.','2015-03-17 00:00:38.590000'),(9444,4,'4','Viewing Patients Info','2015-03-17 00:00:39.163000'),(9445,4,'Login','Login','2015-03-17 00:00:58.133000'),(9446,4,'4','Edit Patient Info.','2015-03-17 00:01:08.693000'),(9447,4,'4','Edit Patient Info.','2015-03-17 00:01:38.257000'),(9448,4,'4','Viewing Patients Info','2015-03-17 00:01:38.723000'),(9449,4,'Login','Login','2015-03-17 00:02:02.080000'),(9450,4,'4','Edit Patient Info.','2015-03-17 00:02:25.423000'),(9451,4,'4','Viewing Patients Info','2015-03-17 00:02:26.293000'),(9452,4,'Login','Login','2015-03-17 00:13:47.657000'),(9453,4,'4','Edit Patient Info.','2015-03-17 00:14:00.407000'),(9454,4,'4','Viewing Patients Info','2015-03-17 00:14:00.963000'),(9455,4,'Login','Login','2015-03-17 00:19:27.060000'),(9456,4,'4','Edit Patient Info.','2015-03-17 00:19:51.480000'),(9457,4,'4','Viewing Patients Info','2015-03-17 00:19:52.027000'),(9458,4,'Login','Login','2015-03-17 00:22:05.617000'),(9459,4,'4','Edit Patient Info.','2015-03-17 00:22:46.260000'),(9460,4,'4','Viewing Patients Info','2015-03-17 00:22:46.747000'),(9461,4,'Login','Login','2015-03-17 00:26:08.743000'),(9462,4,'4','Edit Patient Info.','2015-03-17 00:26:43.317000'),(9463,4,'4','Viewing Patients Info','2015-03-17 00:26:43.967000'),(9464,4,'Login','Login','2015-03-18 23:06:54.380000'),(9465,4,'Login','Login','2015-03-18 23:24:11.677000'),(9466,4,'Login','Login','2015-03-18 23:33:00.523000'),(9467,4,'Login','Login','2015-03-18 23:40:19.847000'),(9468,4,'Login','Login','2015-03-18 23:41:57.747000'),(9469,4,'Login','Login','2015-03-18 23:44:51.457000'),(9470,4,'Login','Login','2015-03-18 23:47:16.370000'),(9471,4,'Login','Login','2015-03-18 23:49:18.780000'),(9472,4,'Login','Login','2015-03-18 23:50:25.330000'),(9473,4,'Login','Login','2015-03-18 23:51:38.673000'),(9474,4,'Login','Login','2015-03-19 00:07:23.497000'),(9475,4,'Login','Login','2015-03-19 00:08:42.547000'),(9476,4,'Login','Login','2015-03-19 00:35:27.550000'),(9477,4,'Login','Login','2015-03-19 00:36:27.120000'),(9478,4,'Login','Login','2015-03-19 00:37:59.437000'),(9479,4,'Login','Login','2015-03-19 00:39:31.640000'),(9480,4,'Login','Login','2015-03-19 00:40:42.960000'),(9481,4,'Login','Login','2015-03-19 00:42:20.810000'),(9482,4,'Login','Login','2015-03-19 00:43:19.880000'),(9483,4,'Login','Login','2015-03-19 00:46:36.387000'),(9484,4,'Login','Login','2015-03-19 00:47:30.597000'),(9485,4,'Login','Login','2015-03-19 01:13:43.223000'),(9486,4,'Login','Login','2015-03-19 01:16:57.510000'),(9487,4,'Login','Login','2015-03-19 01:18:07.463000'),(9488,4,'Login','Login','2015-03-19 10:53:09.493000'),(9489,4,'Login','Login','2015-03-19 10:55:09.700000'),(9490,4,'Login','Login','2015-03-19 11:02:48.777000'),(9491,4,'Login','Login','2015-03-19 11:08:10.067000'),(9492,4,'Login','Login','2015-03-19 11:24:53.183000'),(9493,4,'Login','Login','2015-03-19 11:50:35.267000'),(9494,4,'Login','Login','2015-03-19 11:57:37.480000'),(9495,4,'Login','Login','2015-03-19 12:00:28.803000'),(9496,4,'Login','Login','2015-03-19 12:02:44.617000'),(9497,4,'Login','Login','2015-03-19 12:04:20.830000'),(9498,4,'Login','Login','2015-03-19 12:05:15.430000'),(9499,4,'Login','Login','2015-03-19 12:06:11.990000'),(9500,4,'Login','Login','2015-03-19 12:10:43.547000'),(9501,4,'Login','Login','2015-03-19 12:33:22.717000'),(9502,4,'Login','Login','2015-03-24 00:12:21.637000'),(9503,4,'Login','Login','2015-03-24 00:15:45.627000'),(9504,4,'Login','Login','2015-03-24 00:18:30.463000'),(9505,4,'Login','Login','2015-03-24 00:24:17.583000'),(9506,4,'Login','Login','2015-03-24 00:27:44.470000'),(9507,4,'Login','Login','2015-03-24 00:29:01.790000'),(9508,4,'Login','Login','2015-03-24 00:33:10.823000'),(9509,4,'Login','Login','2015-03-24 00:36:41.487000'),(9510,4,'Login','Login','2015-03-24 00:39:01.563000'),(9511,4,'Login','Login','2015-03-24 00:42:07.370000'),(9512,4,'Login','Login','2015-03-24 00:46:00.293000'),(9513,4,'Login','Login','2015-03-24 00:49:00.180000'),(9514,4,'Login','Login','2015-03-24 00:52:13.643000'),(9515,4,'Login','Login','2015-03-24 00:54:17.167000'),(9516,4,'Login','Login','2015-03-24 00:56:19.557000'),(9517,4,'Login','Login','2015-03-24 00:58:24.837000'),(9518,4,'Login','Login','2015-03-24 00:59:47.797000'),(9519,4,'Login','Login','2015-03-24 01:01:00.300000'),(9520,4,'Login','Login','2015-03-24 01:02:22.623000'),(9521,4,'Login','Login','2015-03-24 01:06:30.760000'),(9522,4,'Login','Login','2015-03-24 13:57:18.633000'),(9523,4,'Login','Login','2015-03-24 14:33:54.667000'),(9524,4,'Login','Login','2015-03-24 14:36:58.760000'),(9525,4,'Login','Login','2015-03-30 11:42:30.500000'),(9526,4,'4','Viewing Patients Info','2015-03-30 11:43:19.607000'),(9527,4,'Login','Login','2015-03-30 11:44:10.697000'),(9528,4,'Login','Login','2015-03-30 11:45:54.437000'),(9529,4,'Login','Login','2015-03-30 12:20:36.267000'),(9530,4,'16','Viewing','2015-03-30 12:36:14.027000'),(9531,4,'16','Viewing','2015-03-30 12:48:52.917000'),(9532,4,'4','Viewing Patients Info','2015-03-30 12:49:00.007000'),(9533,4,'Login','Login','2015-03-30 12:50:21.497000'),(9534,4,'4','Viewing Patients Info','2015-03-30 12:50:30.533000'),(9535,4,'Login','Login','2015-03-30 12:52:04.660000'),(9536,4,'16','Viewing','2015-03-30 12:56:02.047000'),(9537,4,'16','Viewing','2015-03-30 12:56:06.023000'),(9538,4,'16','Viewing','2015-03-30 12:59:38.653000'),(9539,4,'10','Viewing','2015-03-30 12:59:43.047000'),(9540,4,'5','Viewing Doctor Info','2015-03-30 13:00:07.463000'),(9541,4,'16','Viewing','2015-03-30 13:03:26.577000'),(9542,4,'16','Viewing','2015-03-30 13:05:58.080000'),(9543,4,'Login','Login','2015-03-30 13:06:23.177000'),(9544,4,'16','Viewing','2015-03-30 13:08:02.097000'),(9545,4,'4','Register New Patient','2015-03-31 13:09:26.957000'),(9546,4,'15','Add New Visit.','2015-03-31 13:10:13.710000'),(9547,4,'15','Viewing','2015-03-31 13:10:17.397000'),(9548,4,'Login','Login','2015-03-31 13:13:43.883000'),(9549,4,'Login','Login','2015-03-31 13:26:17.623000'),(9550,4,'Login','Login','2015-03-31 13:28:05.457000'),(9551,4,'Login','Login','2015-03-31 13:31:18.780000'),(9552,4,'Login','Login','2015-03-31 13:35:30.237000'),(9553,4,'Login','Login','2015-03-31 13:48:33.737000'),(9554,4,'Login','Login','2015-03-31 14:08:07.857000'),(9555,4,'Login','Login','2015-03-31 14:13:46.880000'),(9556,4,'Login','Login','2015-03-31 14:14:15.287000'),(9557,4,'Login','Login','2015-03-31 14:28:43.023000'),(9558,4,'Login','Login','2015-03-31 14:30:11.007000'),(9559,4,'Login','Login','2015-03-31 14:40:49.160000'),(9560,4,'Login','Login','2015-03-30 14:44:15.213000'),(9561,4,'Login','Login','2015-03-30 14:47:04.153000'),(9562,4,'Login','Login','2015-03-30 14:48:42.400000'),(9563,4,'Login','Login','2015-03-30 14:50:32.917000'),(9564,4,'Login','Login','2015-03-30 14:53:52.343000'),(9565,4,'Login','Login','2015-03-31 11:22:35.480000'),(9566,4,'16','Viewing','2015-03-31 11:23:35.553000'),(9567,4,'4','Viewing Patients Info','2015-03-31 11:23:59.100000'),(9568,4,'4','Viewing Patients Info','2015-03-31 11:24:01.447000'),(9569,4,'4','Viewing Patients Info','2015-03-31 11:24:48.027000'),(9570,4,'16','Viewing','2015-03-31 11:40:30.237000'),(9571,4,'16','Viewing','2015-03-31 11:41:46.323000'),(9572,4,'4','Register New Patient','2015-04-06 11:43:51.427000'),(9573,4,'15','Viewing','2015-04-06 11:45:57.743000'),(9574,4,'15','Viewing','2015-04-06 11:46:11.587000'),(9575,4,'Login','Login','2015-04-06 11:46:47.643000'),(9576,4,'15','Viewing','2015-04-06 11:51:52.970000'),(9577,4,'15','Viewing','2015-04-06 11:52:28.933000'),(9578,4,'15','Viewing','2015-04-06 11:58:09.207000'),(9579,4,'15','Viewing','2015-04-06 11:59:17.360000'),(9580,4,'16','Viewing','2015-04-06 12:00:36.810000'),(9581,4,'15','Viewing','2015-04-06 12:00:44.897000'),(9582,4,'15','Viewing','2015-04-06 12:02:06.037000'),(9583,4,'15','Viewing','2015-04-06 12:02:12.323000'),(9584,4,'15','Viewing','2015-04-06 12:02:28.343000'),(9585,4,'15','Viewing','2015-04-06 12:03:10.060000'),(9586,4,'16','Viewing','2015-04-06 12:03:34.630000');
/*!40000 ALTER TABLE `sys_log` ENABLE KEYS */;
UNLOCK TABLES;

--
-- Table structure for table `sysidgen`
--

DROP TABLE IF EXISTS `sysidgen`;
/*!40101 SET @saved_cs_client     = @@character_set_client */;
/*!40101 SET character_set_client = utf8 */;
CREATE TABLE `sysidgen` (
  `tranID` int(11) NOT NULL AUTO_INCREMENT,
  `tableName` varchar(50) DEFAULT NULL,
  `lastID` int(11) DEFAULT NULL,
  `minID` int(11) DEFAULT NULL,
  `maxID` int(11) DEFAULT NULL,
  PRIMARY KEY (`tranID`)
) ENGINE=InnoDB AUTO_INCREMENT=1025 DEFAULT CHARSET=utf8;
/*!40101 SET character_set_client = @saved_cs_client */;

--
-- Dumping data for table `sysidgen`
--

LOCK TABLES `sysidgen` WRITE;
/*!40000 ALTER TABLE `sysidgen` DISABLE KEYS */;
INSERT INTO `sysidgen` VALUES (1,'sysUserLevel',13,1,100),(2,'sysUser',11,1,100),(3,'tblTitle',8,1,1000),(1002,'tblSpecialize',6,1,1000),(1003,'tblDoctor',8,1,1000),(1004,'tblLabSetup',1,1,10000),(1005,'tblPosition',4,1,10000),(1006,'tblLaboratory',8,1,10000),(1007,'tblDiagnosis',3,1,100000),(1008,'tblExaminationTitle',2,1,10000),(1009,'tblHistoryTitle',2,1,10000),(1010,'tblFrequency',13,1,100),(1011,'tblClinicTimeByDoctor',15,1,10000),(1012,'tblMedType',3,1,1000),(1013,'tblChemName',4,1,1000),(1014,'tblManufacturer',3,1,1000),(1015,'tblBodySystem',3,1,100),(1016,'tblLabCat',2,1,1000),(1017,'tblLabTest',6,1,1000),(1018,'tblLabSubTest',2,1,1000),(1019,'tblLabTestDetail',4,1,1000),(1020,'tblLabTestRequest',21,1,100000),(1021,'tblMedDiagnosis',7,1,1000000),(1022,'tblMedSummary',17,1,1000000),(1023,'tblTreatment',3,1,1000000),(1024,'tblExamination',1,1,1000000);
/*!40000 ALTER TABLE `sysidgen` ENABLE KEYS */;
UNLOCK TABLES;

--
-- Table structure for table `sysleveldefine`
--

DROP TABLE IF EXISTS `sysleveldefine`;
/*!40101 SET @saved_cs_client     = @@character_set_client */;
/*!40101 SET character_set_client = utf8 */;
CREATE TABLE `sysleveldefine` (
  `PK` int(11) NOT NULL AUTO_INCREMENT,
  `levelPK` int(11) DEFAULT NULL,
  `mainmenuPK` int(11) DEFAULT NULL,
  `submenuPK` int(11) DEFAULT NULL,
  `dataView` tinyint(1) DEFAULT '0',
  `dataInsert` tinyint(1) DEFAULT '0',
  `dataEdit` tinyint(1) DEFAULT '0',
  `dataDelete` tinyint(1) DEFAULT '0',
  `dataPrint` tinyint(1) DEFAULT '0',
  PRIMARY KEY (`PK`)
) ENGINE=InnoDB AUTO_INCREMENT=38 DEFAULT CHARSET=utf8;
/*!40101 SET character_set_client = @saved_cs_client */;

--
-- Dumping data for table `sysleveldefine`
--

LOCK TABLES `sysleveldefine` WRITE;
/*!40000 ALTER TABLE `sysleveldefine` DISABLE KEYS */;
INSERT INTO `sysleveldefine` VALUES (1,5,5,1,1,1,1,1,1),(2,5,5,2,1,1,1,1,1),(3,5,5,3,1,1,1,1,1),(4,5,2,4,1,1,1,1,1),(5,5,2,5,1,1,1,1,1),(6,5,2,6,1,1,1,1,1),(7,5,2,7,1,1,1,1,1),(15,13,2,4,1,1,1,1,1),(16,13,2,5,1,1,1,1,1),(17,13,2,6,1,1,1,1,1),(18,13,2,7,1,1,1,1,1),(19,13,5,1,1,1,1,1,1),(20,13,5,2,1,1,1,1,1),(21,13,5,3,1,1,1,1,1),(22,5,2,8,1,1,1,1,1),(23,13,2,8,1,1,1,1,1),(24,5,2,10,1,1,1,1,1),(25,13,2,10,1,1,1,1,1),(26,5,2,11,1,1,1,1,1),(27,13,2,11,1,1,1,1,1),(28,13,2,12,1,1,1,1,1),(29,5,2,12,1,1,1,1,1),(30,13,2,13,1,1,1,1,1),(31,5,2,13,1,1,1,1,1),(32,13,2,14,1,1,1,1,1),(33,5,2,14,1,1,1,1,1),(34,5,1,15,1,1,1,1,1),(35,13,1,15,1,1,1,1,1),(36,5,1,16,1,1,1,1,1),(37,13,1,16,1,1,1,1,1);
/*!40000 ALTER TABLE `sysleveldefine` ENABLE KEYS */;
UNLOCK TABLES;

--
-- Table structure for table `sysmainmenu`
--

DROP TABLE IF EXISTS `sysmainmenu`;
/*!40101 SET @saved_cs_client     = @@character_set_client */;
/*!40101 SET character_set_client = utf8 */;
CREATE TABLE `sysmainmenu` (
  `PK` int(11) NOT NULL,
  `main_menu` varchar(50) DEFAULT NULL,
  `canView` tinyint(1) DEFAULT '1'
) ENGINE=InnoDB DEFAULT CHARSET=utf8;
/*!40101 SET character_set_client = @saved_cs_client */;

--
-- Dumping data for table `sysmainmenu`
--

LOCK TABLES `sysmainmenu` WRITE;
/*!40000 ALTER TABLE `sysmainmenu` DISABLE KEYS */;
INSERT INTO `sysmainmenu` VALUES (1,'Home',NULL),(2,'Masterfiles',NULL),(3,'Medical Record',NULL),(4,'Reports',NULL),(5,'Administrator',NULL);
/*!40000 ALTER TABLE `sysmainmenu` ENABLE KEYS */;
UNLOCK TABLES;

--
-- Table structure for table `sysmainmenudefine`
--

DROP TABLE IF EXISTS `sysmainmenudefine`;
/*!40101 SET @saved_cs_client     = @@character_set_client */;
/*!40101 SET character_set_client = utf8 */;
CREATE TABLE `sysmainmenudefine` (
  `PK` int(11) NOT NULL AUTO_INCREMENT,
  `mainmenuPK` int(11) DEFAULT NULL,
  `levelPK` int(11) DEFAULT NULL,
  `IsView` tinyint(1) DEFAULT '1',
  PRIMARY KEY (`PK`)
) ENGINE=InnoDB AUTO_INCREMENT=32 DEFAULT CHARSET=utf8;
/*!40101 SET character_set_client = @saved_cs_client */;

--
-- Dumping data for table `sysmainmenudefine`
--

LOCK TABLES `sysmainmenudefine` WRITE;
/*!40000 ALTER TABLE `sysmainmenudefine` DISABLE KEYS */;
INSERT INTO `sysmainmenudefine` VALUES (1,1,5,1),(2,2,5,1),(3,3,5,1),(4,4,5,1),(5,5,5,1),(27,1,13,1),(28,2,13,0),(29,3,13,1),(30,4,13,1),(31,5,13,1);
/*!40000 ALTER TABLE `sysmainmenudefine` ENABLE KEYS */;
UNLOCK TABLES;

--
-- Table structure for table `sysregnogen`
--

DROP TABLE IF EXISTS `sysregnogen`;
/*!40101 SET @saved_cs_client     = @@character_set_client */;
/*!40101 SET character_set_client = utf8 */;
CREATE TABLE `sysregnogen` (
  `TableName` varchar(30) DEFAULT NULL,
  `LastRegNo` int(11) DEFAULT NULL,
  `RegDate` datetime(6) DEFAULT NULL
) ENGINE=InnoDB DEFAULT CHARSET=utf8;
/*!40101 SET character_set_client = @saved_cs_client */;

--
-- Dumping data for table `sysregnogen`
--

LOCK TABLES `sysregnogen` WRITE;
/*!40000 ALTER TABLE `sysregnogen` DISABLE KEYS */;
INSERT INTO `sysregnogen` VALUES ('tblPatient',4,'2014-08-19 00:00:00.000000'),('tblPatient',1,'2014-08-20 00:00:00.000000'),('tblBooking',2,'2014-09-19 00:00:00.000000'),('tblVisit',2,'2014-09-23 00:00:00.000000'),('tblBooking',1,'2014-09-23 00:00:00.000000'),('tblBooking',1,'2014-09-30 00:00:00.000000'),('tblBooking',1,'2014-09-29 00:00:00.000000'),('tblBooking',4,'2014-09-26 00:00:00.000000'),('tblVisit',1,'2014-09-25 00:00:00.000000'),('tblPatient',1,'2014-10-31 00:00:00.000000'),('tblVisit',2,'2014-09-26 00:00:00.000000'),('tblBooking',5,'2014-10-03 00:00:00.000000'),('tblVisit',3,'2014-09-30 00:00:00.000000'),('tblPatient',3,'2014-09-30 00:00:00.000000'),('tblBooking',1,'2014-10-07 00:00:00.000000'),('tblPatient',1,'2014-10-03 00:00:00.000000'),('tblVisit',1,'2014-10-03 00:00:00.000000'),('tblPatient',1,'2015-02-20 00:00:00.000000'),('tblPatient',1,'2015-02-25 00:00:00.000000'),('tblBooking',1,'2015-03-31 00:00:00.000000'),('tblBooking',1,'2015-03-02 00:00:00.000000'),('tblBooking',1,'2015-03-09 00:00:00.000000'),('tblBooking',2,'2015-04-06 00:00:00.000000'),('tblPatient',1,'2015-03-31 00:00:00.000000'),('tblVisit',1,'2015-03-31 00:00:00.000000'),('tblPatient',1,'2015-04-06 00:00:00.000000');
/*!40000 ALTER TABLE `sysregnogen` ENABLE KEYS */;
UNLOCK TABLES;

--
-- Table structure for table `syssetting`
--

DROP TABLE IF EXISTS `syssetting`;
/*!40101 SET @saved_cs_client     = @@character_set_client */;
/*!40101 SET character_set_client = utf8 */;
CREATE TABLE `syssetting` (
  `TrandID` int(11) NOT NULL,
  `BranchName` varchar(50) DEFAULT NULL,
  `branchCode` varchar(10) DEFAULT NULL,
  `branchAddress` longtext
) ENGINE=InnoDB DEFAULT CHARSET=utf8;
/*!40101 SET character_set_client = @saved_cs_client */;

--
-- Dumping data for table `syssetting`
--

LOCK TABLES `syssetting` WRITE;
/*!40000 ALTER TABLE `syssetting` DISABLE KEYS */;
INSERT INTO `syssetting` VALUES (1,'CBL 1','CBL01','Address');
/*!40000 ALTER TABLE `syssetting` ENABLE KEYS */;
UNLOCK TABLES;

--
-- Table structure for table `syssubmenu`
--

DROP TABLE IF EXISTS `syssubmenu`;
/*!40101 SET @saved_cs_client     = @@character_set_client */;
/*!40101 SET character_set_client = utf8 */;
CREATE TABLE `syssubmenu` (
  `PK` int(11) NOT NULL,
  `sub_menu` varchar(50) DEFAULT NULL,
  `mainPK` int(11) NOT NULL
) ENGINE=InnoDB DEFAULT CHARSET=utf8;
/*!40101 SET character_set_client = @saved_cs_client */;

--
-- Dumping data for table `syssubmenu`
--

LOCK TABLES `syssubmenu` WRITE;
/*!40000 ALTER TABLE `syssubmenu` DISABLE KEYS */;
INSERT INTO `syssubmenu` VALUES (1,'User',5),(2,'User Level',5),(3,'View System Logs',5),(4,'Patients',2),(5,'Doctors',2),(6,'Titles Setup',2),(7,'Laboratory Setup',2),(8,'Specialize Setup',2),(10,'Camera Setup',2),(11,'Position Setup',2),(12,'Diagnosis',2),(13,'Frequency Setup',2),(14,'Clinic Time By Doctor',2),(15,'Visit',1),(16,'Booking',1),(17,'Medicine Type',2),(18,'Chemical Name',2);
/*!40000 ALTER TABLE `syssubmenu` ENABLE KEYS */;
UNLOCK TABLES;

--
-- Table structure for table `sysuser`
--

DROP TABLE IF EXISTS `sysuser`;
/*!40101 SET @saved_cs_client     = @@character_set_client */;
/*!40101 SET character_set_client = utf8 */;
CREATE TABLE `sysuser` (
  `PK` int(11) NOT NULL,
  `name` varchar(50) NOT NULL,
  `login` varchar(50) NOT NULL,
  `passw` varchar(255) NOT NULL,
  `levelPK` int(11) NOT NULL,
  `createPK` int(11) DEFAULT NULL,
  `createDate` datetime(6) DEFAULT NULL,
  `updatePK` int(11) DEFAULT NULL,
  `updateDate` datetime(6) DEFAULT NULL,
  `isDelete` tinyint(1) NOT NULL DEFAULT '0',
  `isActive` tinyint(1) NOT NULL DEFAULT '1',
  PRIMARY KEY (`PK`),
  KEY `FK_sys_user_sys_user_level` (`levelPK`),
  CONSTRAINT `FK_sys_user_sys_user_level` FOREIGN KEY (`levelPK`) REFERENCES `sysuserlevel` (`levelPK`) ON DELETE NO ACTION ON UPDATE NO ACTION
) ENGINE=InnoDB DEFAULT CHARSET=utf8;
/*!40101 SET character_set_client = @saved_cs_client */;

--
-- Dumping data for table `sysuser`
--

LOCK TABLES `sysuser` WRITE;
/*!40000 ALTER TABLE `sysuser` DISABLE KEYS */;
INSERT INTO `sysuser` VALUES (4,'exaMyanmar','exa','T3l2QbbtnWmqBNVxtTiEiIghsR7YIA+bGcMOi9lGJiQ=',5,NULL,'2014-08-12 16:39:53.273000',4,'2014-08-25 08:50:01.660000',0,1),(7,'Dr. Nyan','doctor','T3l2QbbtnWmqBNVxtTiEiIghsR7YIA+bGcMOi9lGJiQ=',13,NULL,'2014-08-20 16:50:29.647000',NULL,'2014-08-20 16:51:48.267000',0,1),(8,'Nyan Hein Aung','konyan','T3l2QbbtnWmqBNVxtTiEiIghsR7YIA+bGcMOi9lGJiQ=',5,NULL,'2014-08-20 17:30:39.800000',NULL,'2014-08-20 17:30:39.800000',0,1),(9,'Naung Naung','NAUNGNAUNG','T3l2QbbtnWmqBNVxtTiEiIghsR7YIA+bGcMOi9lGJiQ=',5,NULL,'2014-10-02 13:31:55.060000',NULL,'2014-10-02 13:31:55.060000',0,1),(10,'AUNG AUNG','aungaung','T3l2QbbtnWmqBNVxtTiEiIghsR7YIA+bGcMOi9lGJiQ=',5,NULL,'2014-10-02 13:44:26.567000',NULL,'2014-10-02 13:44:26.567000',0,1),(11,'KHIN','khin','T3l2QbbtnWmqBNVxtTiEiIghsR7YIA+bGcMOi9lGJiQ=',5,NULL,'2014-10-03 14:32:47.710000',NULL,'2014-10-03 14:32:47.710000',0,1);
/*!40000 ALTER TABLE `sysuser` ENABLE KEYS */;
UNLOCK TABLES;

--
-- Table structure for table `sysuserlevel`
--

DROP TABLE IF EXISTS `sysuserlevel`;
/*!40101 SET @saved_cs_client     = @@character_set_client */;
/*!40101 SET character_set_client = utf8 */;
CREATE TABLE `sysuserlevel` (
  `levelPK` int(11) NOT NULL,
  `UserLevel` varchar(50) DEFAULT NULL,
  `createdPK` int(11) DEFAULT NULL,
  `createdDate` datetime(6) DEFAULT NULL,
  `updatedPK` int(11) DEFAULT NULL,
  `updatedDate` datetime(6) DEFAULT NULL,
  `isDeleted` tinyint(1) NOT NULL DEFAULT '0',
  `isActive` tinyint(1) NOT NULL DEFAULT '1',
  PRIMARY KEY (`levelPK`)
) ENGINE=InnoDB DEFAULT CHARSET=utf8;
/*!40101 SET character_set_client = @saved_cs_client */;

--
-- Dumping data for table `sysuserlevel`
--

LOCK TABLES `sysuserlevel` WRITE;
/*!40000 ALTER TABLE `sysuserlevel` DISABLE KEYS */;
INSERT INTO `sysuserlevel` VALUES (5,'Administrator',NULL,'2014-08-10 12:59:14.833000',NULL,'2014-08-15 16:50:19.700000',0,1),(13,'Doctor',NULL,'2014-08-17 18:27:41.860000',NULL,'2014-08-17 18:27:41.860000',0,1);
/*!40000 ALTER TABLE `sysuserlevel` ENABLE KEYS */;
UNLOCK TABLES;

--
-- Table structure for table `tblbodysystem`
--

DROP TABLE IF EXISTS `tblbodysystem`;
/*!40101 SET @saved_cs_client     = @@character_set_client */;
/*!40101 SET character_set_client = utf8 */;
CREATE TABLE `tblbodysystem` (
  `systemPK` int(11) NOT NULL,
  `systemName` varchar(50) DEFAULT NULL,
  `isActive` tinyint(1) DEFAULT '1',
  `isDelete` tinyint(1) DEFAULT '0',
  `isNew` tinyint(1) DEFAULT '1',
  `updatePK` int(11) DEFAULT '0',
  `updateDate` datetime(6) DEFAULT NULL,
  `createPK` int(11) DEFAULT '0',
  `createDate` datetime(6) DEFAULT NULL,
  PRIMARY KEY (`systemPK`)
) ENGINE=InnoDB DEFAULT CHARSET=utf8;
/*!40101 SET character_set_client = @saved_cs_client */;

--
-- Dumping data for table `tblbodysystem`
--

LOCK TABLES `tblbodysystem` WRITE;
/*!40000 ALTER TABLE `tblbodysystem` DISABLE KEYS */;
INSERT INTO `tblbodysystem` VALUES (1,'oops',1,0,1,4,'2015-01-27 12:24:50.717000',4,'2015-01-27 12:22:37.630000'),(2,'GI',1,0,1,4,'2015-01-27 12:24:59.417000',4,'2015-01-27 12:24:59.417000'),(3,'Liver',1,0,1,4,'2015-01-27 12:25:05.167000',4,'2015-01-27 12:25:05.167000');
/*!40000 ALTER TABLE `tblbodysystem` ENABLE KEYS */;
UNLOCK TABLES;

--
-- Table structure for table `tblbooking`
--

DROP TABLE IF EXISTS `tblbooking`;
/*!40101 SET @saved_cs_client     = @@character_set_client */;
/*!40101 SET character_set_client = utf8 */;
CREATE TABLE `tblbooking` (
  `PK` varchar(20) DEFAULT NULL,
  `patientName` varchar(50) DEFAULT NULL,
  `RegNo` varchar(20) DEFAULT NULL,
  `abdate` date DEFAULT NULL,
  `doctorPK` int(11) DEFAULT NULL,
  `tokenNo` int(11) DEFAULT NULL,
  `abTime` varchar(10) DEFAULT NULL,
  `abType` varchar(20) DEFAULT 'Booking',
  `isVisited` tinyint(1) DEFAULT '0',
  `isNew` tinyint(1) DEFAULT NULL,
  `isLast` tinyint(1) DEFAULT '0',
  `visitPK` varchar(20) DEFAULT NULL
) ENGINE=InnoDB DEFAULT CHARSET=utf8;
/*!40101 SET character_set_client = @saved_cs_client */;

--
-- Dumping data for table `tblbooking`
--

LOCK TABLES `tblbooking` WRITE;
/*!40000 ALTER TABLE `tblbooking` DISABLE KEYS */;
INSERT INTO `tblbooking` VALUES ('B20140919CBL01002','Maw Maw','20140820CBL01001','2014-09-25',3,3,'1:40 PM','Booking',0,1,1,NULL),('B20140919CBL01001','Kyaw','','2014-09-25',3,2,'1:20 PM','Booking',0,0,1,NULL),('B20140923CBL01001','Ma Ma','20140819CBL01004','2014-09-25',4,2,'10:25 AM','Booking',0,1,1,NULL),('B20140930CBL01001','Maw Maw','20140820CBL01001','2014-09-30',4,2,'10:25 AM','Booking',1,1,1,'V20140930CBL01001'),('B20140929CBL01001','Ma Ma','20140819CBL01004','2014-09-29',3,2,'10:20 AM','Booking',0,1,1,NULL),('B20140926CBL01004','Ma Ma','20140819CBL01004','2014-09-26',3,3,'1:40 PM','Booking',0,1,1,NULL),('B20140926CBL01002','Ma Ma','20140819CBL01003','2014-09-26',3,1,'1:00 PM','Booking',1,1,0,'V20140926CBL01002'),('B20140926CBL01003','Maw Maw','20140820CBL01001','2014-09-26',3,2,'1:20 PM','Booking',0,1,0,'V20140925CBL01001'),('B20141003CBL01001','Daw Ma Ma','20140819CBL01004','2014-09-30',3,1,'1:00 PM','Booking',1,1,0,'V20140930CBL01003'),('B20141003CBL01002','SAW MG','20140930CBL01003','2014-09-30',3,2,'1:20 PM','Booking',1,1,1,'V20140930CBL01002'),('B20141003CBL01003','U BA','20141003CBL01001','2014-10-03',3,1,'1:00 PM','Booking',1,1,0,'V20141003CBL01001'),('B20141003CBL01004','DAW HLA','','2014-10-03',3,2,'1:20 PM','Booking',0,0,0,NULL),('B20141003CBL01005','KO KO','','2014-10-03',3,3,'1:40 PM','Booking',0,0,1,NULL),('B20141007CBL01001','MG MG','','2014-10-07',4,1,'10:00 AM','Booking',0,0,1,NULL),('B20150331CBL01001','MYINT MYAT KYU','20150331CBL01001','2015-03-31',3,1,'','Booking',1,1,1,'V20150331CBL01001'),('B20150302CBL01001','DANNY ARCHER','','2015-03-02',3,1,'10:00 AM','Booking',0,0,1,NULL),('B20150309CBL01001','KO NI','','2015-03-09',3,1,'10:00 AM','Booking',0,0,1,NULL),('B20150406CBL01001','KO NEEE','','2015-04-06',3,1,'10:00 AM','Booking',0,0,0,NULL),('B20150406CBL01002','MIN MIN KYAW','20150406CBL01001','2015-04-06',3,2,'10:20 AM','Booking',0,1,1,NULL);
/*!40000 ALTER TABLE `tblbooking` ENABLE KEYS */;
UNLOCK TABLES;

--
-- Table structure for table `tblbranch`
--

DROP TABLE IF EXISTS `tblbranch`;
/*!40101 SET @saved_cs_client     = @@character_set_client */;
/*!40101 SET character_set_client = utf8 */;
CREATE TABLE `tblbranch` (
  `branchPK` int(11) NOT NULL,
  `companyPK` int(11) DEFAULT NULL,
  `branchName` varchar(200) DEFAULT NULL,
  `branchAddress` longtext,
  `branchPhoneNo` varchar(200) DEFAULT NULL,
  `email` varchar(50) DEFAULT NULL,
  `isActive` tinyint(1) DEFAULT NULL,
  `isDelete` tinyint(1) DEFAULT NULL,
  `isNew` tinyint(1) DEFAULT NULL,
  `updatePK` int(11) DEFAULT NULL,
  `updateDate` datetime(6) DEFAULT NULL,
  `createPK` int(11) DEFAULT NULL,
  `createDate` datetime(6) DEFAULT NULL,
  `isHeadQuarter` tinyint(1) DEFAULT NULL,
  `isCurrentBranch` tinyint(1) DEFAULT NULL,
  PRIMARY KEY (`branchPK`)
) ENGINE=InnoDB DEFAULT CHARSET=utf8;
/*!40101 SET character_set_client = @saved_cs_client */;

--
-- Dumping data for table `tblbranch`
--

LOCK TABLES `tblbranch` WRITE;
/*!40000 ALTER TABLE `tblbranch` DISABLE KEYS */;
/*!40000 ALTER TABLE `tblbranch` ENABLE KEYS */;
UNLOCK TABLES;

--
-- Table structure for table `tblchemname`
--

DROP TABLE IF EXISTS `tblchemname`;
/*!40101 SET @saved_cs_client     = @@character_set_client */;
/*!40101 SET character_set_client = utf8 */;
CREATE TABLE `tblchemname` (
  `chemNamePK` int(11) NOT NULL,
  `chemName` longtext,
  `isActive` tinyint(1) DEFAULT '1',
  `isDelete` tinyint(1) DEFAULT '0',
  `isNew` tinyint(1) DEFAULT '1',
  `updatePK` int(11) DEFAULT '0',
  `updateDate` datetime(6) DEFAULT NULL,
  `createPK` int(11) DEFAULT '0',
  `createDate` datetime(6) DEFAULT NULL,
  PRIMARY KEY (`chemNamePK`)
) ENGINE=InnoDB DEFAULT CHARSET=utf8;
/*!40101 SET character_set_client = @saved_cs_client */;

--
-- Dumping data for table `tblchemname`
--

LOCK TABLES `tblchemname` WRITE;
/*!40000 ALTER TABLE `tblchemname` DISABLE KEYS */;
INSERT INTO `tblchemname` VALUES (1,'oops',1,0,1,4,'2015-01-27 12:23:00.120000',4,'2015-01-27 11:38:38.147000'),(2,'test',1,0,1,4,'2015-01-27 12:21:27.057000',4,'2015-01-27 11:38:41.250000'),(3,'oops',1,0,1,4,'2015-01-27 11:38:46.777000',4,'2015-01-27 11:38:46.777000'),(4,'oops 3',1,0,1,4,'2015-01-27 11:42:19.413000',4,'2015-01-27 11:38:51.723000');
/*!40000 ALTER TABLE `tblchemname` ENABLE KEYS */;
UNLOCK TABLES;

--
-- Table structure for table `tblclinictimebydoctor`
--

DROP TABLE IF EXISTS `tblclinictimebydoctor`;
/*!40101 SET @saved_cs_client     = @@character_set_client */;
/*!40101 SET character_set_client = utf8 */;
CREATE TABLE `tblclinictimebydoctor` (
  `ctdPK` int(11) NOT NULL,
  `doctorPK` int(11) DEFAULT NULL,
  `clinicDay` varchar(10) DEFAULT NULL,
  `ctdOption` varchar(10) DEFAULT NULL,
  `fromTime` varchar(15) DEFAULT NULL,
  `toTime` varchar(15) DEFAULT NULL,
  `createPK` int(11) DEFAULT NULL,
  `createDate` datetime(6) DEFAULT NULL,
  `updatePK` int(11) DEFAULT NULL,
  `updateDate` datetime(6) DEFAULT NULL,
  `isDelete` tinyint(1) DEFAULT '0',
  PRIMARY KEY (`ctdPK`)
) ENGINE=InnoDB DEFAULT CHARSET=utf8;
/*!40101 SET character_set_client = @saved_cs_client */;

--
-- Dumping data for table `tblclinictimebydoctor`
--

LOCK TABLES `tblclinictimebydoctor` WRITE;
/*!40000 ALTER TABLE `tblclinictimebydoctor` DISABLE KEYS */;
INSERT INTO `tblclinictimebydoctor` VALUES (2,3,'Monday','Afternoon','10:00 AM','3:00 PM',4,'2014-09-07 18:36:26.593000',4,'2015-01-17 10:46:42.827000',0),(3,3,'Sunday','Afternoon','1:00 PM','4:30 PM',4,'2014-09-07 18:37:00.330000',4,'2014-09-07 19:53:15.603000',1),(4,3,'Tuesday','Evening','10:00 PM','4:00 PM',4,'2014-09-07 19:00:46.530000',4,'2014-09-08 10:55:21.390000',1),(6,4,'Tuesday','Morning','10:00 AM','11:30 AM',4,'2014-09-07 19:44:52.930000',NULL,NULL,0),(7,4,'Friday','Afternoon','1:00 PM','4:30 PM',4,'2014-09-07 19:44:55.603000',4,'2014-09-07 20:06:46.983000',1),(8,4,'Monday','Afternoon','1:00 PM','4:30 PM',4,'2014-09-07 19:44:57.007000',4,'2014-09-07 20:05:46.603000',1),(9,3,'Friday','Afternoon','1:00 PM','2:30 PM',4,'2014-09-08 10:55:43.963000',4,'2014-09-30 13:44:08.347000',0),(10,3,'Sunday','Evening','5:00 PM','9:00 PM',4,'2014-09-30 13:44:08.400000',NULL,NULL,0),(11,3,'Tuesday','','10:30 AM','12:30 AM',4,'2015-01-16 23:51:10.617000',NULL,NULL,0),(12,4,'Monday','','9:00 AM','12:00 AM',4,'2015-01-16 23:51:25.137000',4,'2015-01-16 23:51:50.937000',0),(13,4,'Monday','','1:00 PM','3:00 PM',4,'2015-01-16 23:51:50.953000',4,'2015-01-16 23:51:58.803000',1),(14,4,'Sunday','','3:00 PM','6:00 PM',4,'2015-01-16 23:52:29.163000',NULL,NULL,0),(15,3,'Monday','','4:00 PM','7:00 PM',4,'2015-01-17 10:46:42.867000',NULL,NULL,0);
/*!40000 ALTER TABLE `tblclinictimebydoctor` ENABLE KEYS */;
UNLOCK TABLES;

--
-- Table structure for table `tblcompany`
--

DROP TABLE IF EXISTS `tblcompany`;
/*!40101 SET @saved_cs_client     = @@character_set_client */;
/*!40101 SET character_set_client = utf8 */;
CREATE TABLE `tblcompany` (
  `companyPK` int(11) NOT NULL,
  `companyName` varchar(200) DEFAULT NULL,
  `companyAddress` longtext,
  `companyPhoneNo` varchar(200) DEFAULT NULL,
  `email` varchar(50) DEFAULT NULL,
  `isActive` tinyint(1) DEFAULT NULL,
  `isDelete` tinyint(1) DEFAULT NULL,
  `isNew` tinyint(1) DEFAULT NULL,
  `updatePK` int(11) DEFAULT NULL,
  `updateDate` datetime(6) DEFAULT NULL,
  `createPK` int(11) DEFAULT NULL,
  `createDate` datetime(6) DEFAULT NULL,
  PRIMARY KEY (`companyPK`)
) ENGINE=InnoDB DEFAULT CHARSET=utf8;
/*!40101 SET character_set_client = @saved_cs_client */;

--
-- Dumping data for table `tblcompany`
--

LOCK TABLES `tblcompany` WRITE;
/*!40000 ALTER TABLE `tblcompany` DISABLE KEYS */;
/*!40000 ALTER TABLE `tblcompany` ENABLE KEYS */;
UNLOCK TABLES;

--
-- Table structure for table `tbldiagnosis`
--

DROP TABLE IF EXISTS `tbldiagnosis`;
/*!40101 SET @saved_cs_client     = @@character_set_client */;
/*!40101 SET character_set_client = utf8 */;
CREATE TABLE `tbldiagnosis` (
  `diagnosisPK` int(11) NOT NULL,
  `diagnosis` varchar(20) DEFAULT NULL,
  `isActive` tinyint(1) DEFAULT '1',
  `isDelete` tinyint(1) DEFAULT '0',
  `createPK` int(11) DEFAULT NULL,
  `createDate` datetime(6) DEFAULT NULL,
  `updatePK` int(11) DEFAULT NULL,
  `updateDate` datetime(6) DEFAULT NULL,
  PRIMARY KEY (`diagnosisPK`)
) ENGINE=InnoDB DEFAULT CHARSET=utf8;
/*!40101 SET character_set_client = @saved_cs_client */;

--
-- Dumping data for table `tbldiagnosis`
--

LOCK TABLES `tbldiagnosis` WRITE;
/*!40000 ALTER TABLE `tbldiagnosis` DISABLE KEYS */;
INSERT INTO `tbldiagnosis` VALUES (2,'Diagnosis 01',1,0,4,'2014-08-25 13:25:31.090000',4,'2014-08-25 13:25:31.090000'),(3,'D 2',1,0,4,'2015-01-17 10:44:55.430000',4,'2015-01-17 10:44:55.430000');
/*!40000 ALTER TABLE `tbldiagnosis` ENABLE KEYS */;
UNLOCK TABLES;

--
-- Table structure for table `tbldoctor`
--

DROP TABLE IF EXISTS `tbldoctor`;
/*!40101 SET @saved_cs_client     = @@character_set_client */;
/*!40101 SET character_set_client = utf8 */;
CREATE TABLE `tbldoctor` (
  `doctorPK` int(11) NOT NULL,
  `titlePK` int(11) DEFAULT NULL,
  `doctor` varchar(50) DEFAULT NULL,
  `specializePK` int(11) DEFAULT NULL,
  `positionPK` int(11) DEFAULT NULL,
  `userPK` int(11) DEFAULT NULL,
  `samaNo` varchar(20) DEFAULT NULL,
  `gender` varchar(10) DEFAULT NULL,
  `address` longtext,
  `homePhone` varchar(30) DEFAULT NULL,
  `mobilePhone` varchar(30) DEFAULT NULL,
  `email` varchar(50) DEFAULT NULL,
  `takeTime` int(11) DEFAULT NULL,
  `isDelete` tinyint(1) DEFAULT '0',
  `isActive` tinyint(1) DEFAULT '1',
  `createPK` int(11) DEFAULT NULL,
  `createDate` datetime(6) DEFAULT NULL,
  `updatePK` int(11) DEFAULT NULL,
  `updateDate` datetime(6) DEFAULT NULL,
  PRIMARY KEY (`doctorPK`)
) ENGINE=InnoDB DEFAULT CHARSET=utf8;
/*!40101 SET character_set_client = @saved_cs_client */;

--
-- Dumping data for table `tbldoctor`
--

LOCK TABLES `tbldoctor` WRITE;
/*!40000 ALTER TABLE `tbldoctor` DISABLE KEYS */;
INSERT INTO `tbldoctor` VALUES (3,6,'Mya Mya',4,3,NULL,'SM00001','Female','Address','3493800','34782908','ymn@mail.com',20,0,1,4,'2014-08-20 15:36:18.897000',4,'2014-08-25 15:45:51.697000'),(4,6,'Mg Mg',4,2,NULL,'SM00002','Male','','238949','','',25,0,1,4,'2014-08-20 15:55:42.900000',4,'2014-08-25 16:24:45.013000'),(5,6,'NAUNG NAUNG',4,2,NULL,'8937838','Male','','','','',NULL,0,1,4,'2014-10-02 13:25:01.743000',4,'2014-10-02 13:25:01.743000'),(7,6,'AUNG AUNG',4,2,10,'0987665','Male','','','','',NULL,0,1,4,'2014-10-02 13:44:26.510000',4,'2014-10-02 13:44:26.510000'),(8,6,'KHIN',4,3,11,'876476','Female','','','','',NULL,0,1,4,'2014-10-03 14:32:47.623000',4,'2014-10-03 14:32:47.623000');
/*!40000 ALTER TABLE `tbldoctor` ENABLE KEYS */;
UNLOCK TABLES;

--
-- Table structure for table `tblexamdiagnosis`
--

DROP TABLE IF EXISTS `tblexamdiagnosis`;
/*!40101 SET @saved_cs_client     = @@character_set_client */;
/*!40101 SET character_set_client = utf8 */;
CREATE TABLE `tblexamdiagnosis` (
  `visitPK` int(11) NOT NULL,
  `diagnosisPK` int(11) NOT NULL,
  `createPK` int(11) DEFAULT NULL,
  `createDate` datetime(6) DEFAULT NULL,
  `updatePK` int(11) DEFAULT NULL,
  `updateDate` datetime(6) DEFAULT NULL,
  PRIMARY KEY (`visitPK`,`diagnosisPK`)
) ENGINE=InnoDB DEFAULT CHARSET=utf8;
/*!40101 SET character_set_client = @saved_cs_client */;

--
-- Dumping data for table `tblexamdiagnosis`
--

LOCK TABLES `tblexamdiagnosis` WRITE;
/*!40000 ALTER TABLE `tblexamdiagnosis` DISABLE KEYS */;
/*!40000 ALTER TABLE `tblexamdiagnosis` ENABLE KEYS */;
UNLOCK TABLES;

--
-- Table structure for table `tblexamination`
--

DROP TABLE IF EXISTS `tblexamination`;
/*!40101 SET @saved_cs_client     = @@character_set_client */;
/*!40101 SET character_set_client = utf8 */;
CREATE TABLE `tblexamination` (
  `visitPK` varchar(50) NOT NULL,
  `alert_oriented` tinyint(1) DEFAULT NULL,
  `skin` longtext,
  `vision` longtext,
  `visualAcuity` longtext,
  `glasses` tinyint(1) DEFAULT NULL,
  `eac` varchar(50) DEFAULT NULL,
  `tm` varchar(50) DEFAULT NULL,
  `hearing` varchar(50) DEFAULT NULL,
  `nose` longtext,
  `gum` varchar(50) DEFAULT NULL,
  `tongue` varchar(50) DEFAULT NULL,
  `tonsils` varchar(50) DEFAULT NULL,
  `teeth` varchar(50) DEFAULT NULL,
  `thyroid` varchar(50) DEFAULT NULL,
  `cervicalln` varchar(50) DEFAULT NULL,
  `neckOthers` longtext,
  `axillary` longtext,
  `breastNormal_Lump` tinyint(1) DEFAULT NULL,
  `airway` varchar(50) DEFAULT NULL,
  `breathSound` varchar(50) DEFAULT NULL,
  `respiratoryOthers` longtext,
  `rate` varchar(50) DEFAULT NULL,
  `rhythm` varchar(50) DEFAULT NULL,
  `heartSound` varchar(50) DEFAULT NULL,
  `addedSound` varchar(50) DEFAULT NULL,
  `abdomenGeneral` varchar(50) DEFAULT NULL,
  `liver` varchar(50) DEFAULT NULL,
  `spleen` varchar(50) DEFAULT NULL,
  `kidney` varchar(50) DEFAULT NULL,
  `herniaOrifices` varchar(50) DEFAULT NULL,
  `abdomenOther` longtext,
  `externalGenitaliaPap` tinyint(1) DEFAULT NULL,
  `gcs` varchar(50) DEFAULT NULL,
  `pupils` varchar(50) DEFAULT NULL,
  `focalNeuroDeficits` varchar(50) DEFAULT NULL,
  `cn` varchar(50) DEFAULT NULL,
  `lumPostRemarks` varchar(100) DEFAULT NULL,
  `generalHealthRemarks` longtext,
  `skinRemarks` longtext,
  `eyeRemarks` longtext,
  `earRemarks` longtext,
  `noseRemarks` longtext,
  `throatRemarks` longtext,
  `neckRemarks` longtext,
  `breastRemarks` longtext,
  `respiratoryRemarks` longtext,
  `abdomenRemarks` longtext,
  `caridovascularRemarks` longtext,
  `externalGenitaliaRemarks` longtext,
  `musculoskeletalRemarks` longtext,
  `cnsRemarks` longtext,
  `examComment` longtext,
  `createPK` int(11) DEFAULT NULL,
  `createDate` datetime(6) DEFAULT NULL,
  `updatePK` int(11) DEFAULT NULL,
  `updateDate` datetime(6) DEFAULT NULL,
  PRIMARY KEY (`visitPK`)
) ENGINE=InnoDB DEFAULT CHARSET=utf8;
/*!40101 SET character_set_client = @saved_cs_client */;

--
-- Dumping data for table `tblexamination`
--

LOCK TABLES `tblexamination` WRITE;
/*!40000 ALTER TABLE `tblexamination` DISABLE KEYS */;
INSERT INTO `tblexamination` VALUES ('V20150331CBL01001',NULL,'Skin','Vision','',0,'','','','','','','','','','','','',0,'','','','','','','','','','','','','',0,'','','','',NULL,NULL,NULL,'','',NULL,'','','','','','','','',NULL,'',4,'2015-03-31 14:13:59.443000',4,'2015-03-31 14:30:24.113000');
/*!40000 ALTER TABLE `tblexamination` ENABLE KEYS */;
UNLOCK TABLES;

--
-- Table structure for table `tblexaminationtitle`
--

DROP TABLE IF EXISTS `tblexaminationtitle`;
/*!40101 SET @saved_cs_client     = @@character_set_client */;
/*!40101 SET character_set_client = utf8 */;
CREATE TABLE `tblexaminationtitle` (
  `examinationPK` int(11) NOT NULL,
  `examination` varchar(50) DEFAULT NULL,
  `isDelete` tinyint(1) DEFAULT '0',
  `isActive` tinyint(1) DEFAULT '1',
  `createPK` int(11) DEFAULT NULL,
  `createDate` datetime(6) DEFAULT NULL,
  `updatePK` int(11) DEFAULT NULL,
  `updateDate` datetime(6) DEFAULT NULL,
  PRIMARY KEY (`examinationPK`)
) ENGINE=InnoDB DEFAULT CHARSET=utf8;
/*!40101 SET character_set_client = @saved_cs_client */;

--
-- Dumping data for table `tblexaminationtitle`
--

LOCK TABLES `tblexaminationtitle` WRITE;
/*!40000 ALTER TABLE `tblexaminationtitle` DISABLE KEYS */;
/*!40000 ALTER TABLE `tblexaminationtitle` ENABLE KEYS */;
UNLOCK TABLES;

--
-- Table structure for table `tblfrequency`
--

DROP TABLE IF EXISTS `tblfrequency`;
/*!40101 SET @saved_cs_client     = @@character_set_client */;
/*!40101 SET character_set_client = utf8 */;
CREATE TABLE `tblfrequency` (
  `frequencyPK` int(11) NOT NULL,
  `frequency` varchar(50) DEFAULT NULL,
  `treatmentPK` int(11) DEFAULT NULL,
  `updatePK` int(11) DEFAULT NULL,
  `updateDate` datetime(6) DEFAULT NULL,
  `createPK` int(11) DEFAULT NULL,
  `createDate` datetime(6) DEFAULT NULL,
  `isActive` tinyint(1) DEFAULT '1',
  `isDelete` tinyint(1) DEFAULT '0',
  PRIMARY KEY (`frequencyPK`)
) ENGINE=InnoDB DEFAULT CHARSET=utf8;
/*!40101 SET character_set_client = @saved_cs_client */;

--
-- Dumping data for table `tblfrequency`
--

LOCK TABLES `tblfrequency` WRITE;
/*!40000 ALTER TABLE `tblfrequency` DISABLE KEYS */;
INSERT INTO `tblfrequency` VALUES (3,'DB',1,4,'2015-01-16 03:35:43.197000',4,'2014-08-27 05:08:51.710000',1,0),(4,'Twice',2,4,'2015-01-16 03:34:40.703000',4,'2015-01-16 03:34:40.703000',1,0),(5,'One',1,4,'2015-01-16 03:40:57.990000',4,'2015-01-16 03:40:57.990000',1,0),(6,'three times',1,4,'2015-01-16 03:41:10.050000',4,'2015-01-16 03:41:10.050000',1,0),(7,'four times',1,4,'2015-01-16 03:41:16.577000',4,'2015-01-16 03:41:16.577000',1,0),(8,'five times',1,4,'2015-01-16 03:41:25.323000',4,'2015-01-16 03:41:25.323000',1,0),(9,'oops',1,4,'2015-01-16 03:43:52.910000',4,'2015-01-16 03:43:52.910000',1,0),(10,'yeah',1,4,'2015-01-16 03:45:14.227000',4,'2015-01-16 03:45:14.227000',1,0),(11,'something',2,4,'2015-01-16 03:45:59.760000',4,'2015-01-16 03:45:59.760000',1,0),(12,'yep',1,4,'2015-01-16 03:47:53.287000',4,'2015-01-16 03:47:31.690000',1,0),(13,'mice',2,4,'2015-01-16 03:47:48.593000',4,'2015-01-16 03:47:48.593000',1,0);
/*!40000 ALTER TABLE `tblfrequency` ENABLE KEYS */;
UNLOCK TABLES;

--
-- Table structure for table `tblhistory`
--

DROP TABLE IF EXISTS `tblhistory`;
/*!40101 SET @saved_cs_client     = @@character_set_client */;
/*!40101 SET character_set_client = utf8 */;
CREATE TABLE `tblhistory` (
  `visitPK` varchar(50) NOT NULL,
  `medicalHistory` longtext,
  `surgicalHistory` longtext,
  `allergies` longtext,
  `medications` longtext,
  `exercise` tinyint(1) DEFAULT NULL,
  `typeOfExcercise` longtext,
  `frequencyPerWeek` varchar(100) DEFAULT NULL,
  `smoking` varchar(50) DEFAULT NULL,
  `numberOfSticksPerDay` int(11) DEFAULT NULL,
  `sinceAge` int(11) DEFAULT NULL,
  `alcohol` tinyint(1) DEFAULT NULL,
  `avgDrinksPerWk` int(11) DEFAULT NULL,
  `father` longtext,
  `mother` longtext,
  `brother` longtext,
  `sister` longtext,
  `others` longtext,
  `occupational_travel_his` longtext,
  `maritalStatus` varchar(50) DEFAULT NULL,
  `children` varchar(50) DEFAULT NULL,
  `miscarriage_abortion` varchar(50) DEFAULT NULL,
  `contraception` longtext,
  `lmp` varchar(50) DEFAULT NULL,
  `lastPap` varchar(50) DEFAULT NULL,
  `gynaecologicalHis_Other` longtext,
  `otherMedHistory` longtext,
  `updatePK` int(11) DEFAULT '0',
  `updateDate` datetime(6) DEFAULT NULL,
  `createPK` int(11) DEFAULT '0',
  `createDate` datetime(6) DEFAULT NULL,
  PRIMARY KEY (`visitPK`)
) ENGINE=InnoDB DEFAULT CHARSET=utf8;
/*!40101 SET character_set_client = @saved_cs_client */;

--
-- Dumping data for table `tblhistory`
--

LOCK TABLES `tblhistory` WRITE;
/*!40000 ALTER TABLE `tblhistory` DISABLE KEYS */;
INSERT INTO `tblhistory` VALUES ('V20150331CBL01001','Med His','Su His','','',0,'','','',0,0,0,0,'','','','','','','','','','','','','','',4,'2015-03-30 14:54:07.863000',4,'2015-03-30 14:50:49.050000');
/*!40000 ALTER TABLE `tblhistory` ENABLE KEYS */;
UNLOCK TABLES;

--
-- Table structure for table `tblhistorytitle`
--

DROP TABLE IF EXISTS `tblhistorytitle`;
/*!40101 SET @saved_cs_client     = @@character_set_client */;
/*!40101 SET character_set_client = utf8 */;
CREATE TABLE `tblhistorytitle` (
  `historyTitlePK` int(11) NOT NULL,
  `historyTitle` varchar(50) DEFAULT NULL,
  `isActive` tinyint(1) DEFAULT '1',
  `isDelete` tinyint(1) DEFAULT '0',
  `createPK` int(11) DEFAULT NULL,
  `createDate` datetime(6) DEFAULT NULL,
  `updatePK` int(11) DEFAULT NULL,
  `updateDate` datetime(6) DEFAULT NULL,
  PRIMARY KEY (`historyTitlePK`)
) ENGINE=InnoDB DEFAULT CHARSET=utf8;
/*!40101 SET character_set_client = @saved_cs_client */;

--
-- Dumping data for table `tblhistorytitle`
--

LOCK TABLES `tblhistorytitle` WRITE;
/*!40000 ALTER TABLE `tblhistorytitle` DISABLE KEYS */;
/*!40000 ALTER TABLE `tblhistorytitle` ENABLE KEYS */;
UNLOCK TABLES;

--
-- Table structure for table `tblinvestigation`
--

DROP TABLE IF EXISTS `tblinvestigation`;
/*!40101 SET @saved_cs_client     = @@character_set_client */;
/*!40101 SET character_set_client = utf8 */;
CREATE TABLE `tblinvestigation` (
  `investigationPK` int(11) NOT NULL,
  `visitPK` varchar(50) DEFAULT NULL,
  `labTestPK` int(11) DEFAULT NULL,
  `status` varchar(50) DEFAULT NULL,
  `createPK` int(11) DEFAULT NULL,
  `createDate` datetime(6) DEFAULT NULL,
  `updatePK` int(11) DEFAULT NULL,
  `updateDate` datetime(6) DEFAULT NULL,
  PRIMARY KEY (`investigationPK`)
) ENGINE=InnoDB DEFAULT CHARSET=utf8;
/*!40101 SET character_set_client = @saved_cs_client */;

--
-- Dumping data for table `tblinvestigation`
--

LOCK TABLES `tblinvestigation` WRITE;
/*!40000 ALTER TABLE `tblinvestigation` DISABLE KEYS */;
/*!40000 ALTER TABLE `tblinvestigation` ENABLE KEYS */;
UNLOCK TABLES;

--
-- Table structure for table `tbllabcat`
--

DROP TABLE IF EXISTS `tbllabcat`;
/*!40101 SET @saved_cs_client     = @@character_set_client */;
/*!40101 SET character_set_client = utf8 */;
CREATE TABLE `tbllabcat` (
  `labCatPK` int(11) NOT NULL,
  `labCatName` varchar(50) DEFAULT NULL,
  `isActive` tinyint(1) DEFAULT '1',
  `isDelete` tinyint(1) DEFAULT '0',
  `isNew` tinyint(1) DEFAULT '1',
  `updatePK` int(11) DEFAULT '0',
  `updateDate` datetime(6) DEFAULT NULL,
  `createPK` int(11) DEFAULT '0',
  `createDate` datetime(6) DEFAULT NULL,
  PRIMARY KEY (`labCatPK`)
) ENGINE=InnoDB DEFAULT CHARSET=utf8;
/*!40101 SET character_set_client = @saved_cs_client */;

--
-- Dumping data for table `tbllabcat`
--

LOCK TABLES `tbllabcat` WRITE;
/*!40000 ALTER TABLE `tbllabcat` DISABLE KEYS */;
INSERT INTO `tbllabcat` VALUES (1,'Lab Cat 3',1,0,1,4,'2015-02-03 23:39:02.953000',4,'2015-02-03 23:38:45.577000'),(2,'Lab Cat 2',1,0,1,4,'2015-02-03 23:38:49.913000',4,'2015-02-03 23:38:49.913000');
/*!40000 ALTER TABLE `tbllabcat` ENABLE KEYS */;
UNLOCK TABLES;

--
-- Table structure for table `tbllaboratory`
--

DROP TABLE IF EXISTS `tbllaboratory`;
/*!40101 SET @saved_cs_client     = @@character_set_client */;
/*!40101 SET character_set_client = utf8 */;
CREATE TABLE `tbllaboratory` (
  `labPK` int(11) NOT NULL,
  `labName` varchar(100) DEFAULT NULL,
  `isActive` tinyint(1) DEFAULT '1',
  `isDelete` tinyint(1) DEFAULT '0',
  `createPK` int(11) DEFAULT NULL,
  `createDate` datetime(6) DEFAULT NULL,
  `updatePK` int(11) DEFAULT NULL,
  `updateDate` datetime(6) DEFAULT NULL,
  PRIMARY KEY (`labPK`)
) ENGINE=InnoDB DEFAULT CHARSET=utf8;
/*!40101 SET character_set_client = @saved_cs_client */;

--
-- Dumping data for table `tbllaboratory`
--

LOCK TABLES `tbllaboratory` WRITE;
/*!40000 ALTER TABLE `tbllaboratory` DISABLE KEYS */;
INSERT INTO `tbllaboratory` VALUES (3,'CBL',1,0,4,'2014-08-24 21:38:32.707000',4,'2015-02-05 23:42:24.510000'),(4,'CUH',1,0,4,'2015-01-17 00:00:37.720000',4,'2015-02-05 23:42:38.220000'),(5,'Ni Ni',1,0,4,'2015-01-17 00:00:43.933000',4,'2015-02-05 23:42:47.920000'),(8,'test',0,0,4,'2015-02-05 23:42:55.333000',4,'2015-02-05 23:43:02.543000');
/*!40000 ALTER TABLE `tbllaboratory` ENABLE KEYS */;
UNLOCK TABLES;

--
-- Table structure for table `tbllabpackage`
--

DROP TABLE IF EXISTS `tbllabpackage`;
/*!40101 SET @saved_cs_client     = @@character_set_client */;
/*!40101 SET character_set_client = utf8 */;
CREATE TABLE `tbllabpackage` (
  `labPackPK` int(11) NOT NULL,
  `companyPK` int(11) DEFAULT NULL,
  `packName` varchar(100) DEFAULT NULL,
  `isActive` tinyint(1) DEFAULT '1',
  `isDelete` tinyint(1) DEFAULT '0',
  `createPK` int(11) DEFAULT NULL,
  `createDate` datetime(6) DEFAULT NULL,
  `updatePK` int(11) DEFAULT NULL,
  `updateDate` datetime(6) DEFAULT NULL,
  PRIMARY KEY (`labPackPK`)
) ENGINE=InnoDB DEFAULT CHARSET=utf8;
/*!40101 SET character_set_client = @saved_cs_client */;

--
-- Dumping data for table `tbllabpackage`
--

LOCK TABLES `tbllabpackage` WRITE;
/*!40000 ALTER TABLE `tbllabpackage` DISABLE KEYS */;
/*!40000 ALTER TABLE `tbllabpackage` ENABLE KEYS */;
UNLOCK TABLES;

--
-- Table structure for table `tbllabpackagedetail`
--

DROP TABLE IF EXISTS `tbllabpackagedetail`;
/*!40101 SET @saved_cs_client     = @@character_set_client */;
/*!40101 SET character_set_client = utf8 */;
CREATE TABLE `tbllabpackagedetail` (
  `labPackPK` int(11) NOT NULL,
  `labTestPK` int(11) NOT NULL,
  `createPK` int(11) DEFAULT NULL,
  `createDate` datetime(6) DEFAULT NULL,
  `updatePK` int(11) DEFAULT NULL,
  `updateDate` datetime(6) DEFAULT NULL,
  PRIMARY KEY (`labPackPK`,`labTestPK`)
) ENGINE=InnoDB DEFAULT CHARSET=utf8;
/*!40101 SET character_set_client = @saved_cs_client */;

--
-- Dumping data for table `tbllabpackagedetail`
--

LOCK TABLES `tbllabpackagedetail` WRITE;
/*!40000 ALTER TABLE `tbllabpackagedetail` DISABLE KEYS */;
/*!40000 ALTER TABLE `tbllabpackagedetail` ENABLE KEYS */;
UNLOCK TABLES;

--
-- Table structure for table `tbllabsubtest`
--

DROP TABLE IF EXISTS `tbllabsubtest`;
/*!40101 SET @saved_cs_client     = @@character_set_client */;
/*!40101 SET character_set_client = utf8 */;
CREATE TABLE `tbllabsubtest` (
  `labSubTestPK` varchar(50) NOT NULL,
  `labSubTestName` varchar(50) DEFAULT NULL,
  `labSubTestCode` varchar(50) DEFAULT NULL,
  `labSubTestDescription` longtext,
  `labTestPK` varchar(50) DEFAULT NULL,
  `isActive` tinyint(1) DEFAULT '1',
  `isDelete` tinyint(1) DEFAULT '0',
  `isNew` tinyint(1) DEFAULT '1',
  `updatePK` int(11) DEFAULT '0',
  `updateDate` datetime(6) DEFAULT NULL,
  `createPK` int(11) DEFAULT '0',
  `createDate` datetime(6) DEFAULT NULL,
  PRIMARY KEY (`labSubTestPK`)
) ENGINE=InnoDB DEFAULT CHARSET=utf8;
/*!40101 SET character_set_client = @saved_cs_client */;

--
-- Dumping data for table `tbllabsubtest`
--

LOCK TABLES `tbllabsubtest` WRITE;
/*!40000 ALTER TABLE `tbllabsubtest` DISABLE KEYS */;
INSERT INTO `tbllabsubtest` VALUES ('1','Urine','90-901','Urine Description',NULL,1,0,1,4,'2015-02-04 01:26:22.207000',4,'2015-02-04 01:26:22.207000'),('2','Blood Test','90-902','Blood description','5',1,0,1,4,'2015-02-05 11:59:05.847000',4,'2015-02-04 01:26:33.413000');
/*!40000 ALTER TABLE `tbllabsubtest` ENABLE KEYS */;
UNLOCK TABLES;

--
-- Table structure for table `tbllabtest`
--

DROP TABLE IF EXISTS `tbllabtest`;
/*!40101 SET @saved_cs_client     = @@character_set_client */;
/*!40101 SET character_set_client = utf8 */;
CREATE TABLE `tbllabtest` (
  `labTestPK` varchar(50) NOT NULL,
  `companyPK` int(11) DEFAULT NULL,
  `labTestName` varchar(50) DEFAULT NULL,
  `labTestCode` varchar(50) DEFAULT NULL,
  `labTestDescription` longtext,
  `isActive` tinyint(1) DEFAULT '1',
  `isDelete` tinyint(1) DEFAULT '0',
  `isNew` tinyint(1) DEFAULT '1',
  `updatePK` int(11) DEFAULT '0',
  `updateDate` datetime(6) DEFAULT NULL,
  `createPK` int(11) DEFAULT '0',
  `createDate` datetime(6) DEFAULT NULL,
  PRIMARY KEY (`labTestPK`)
) ENGINE=InnoDB DEFAULT CHARSET=utf8;
/*!40101 SET character_set_client = @saved_cs_client */;

--
-- Dumping data for table `tbllabtest`
--

LOCK TABLES `tbllabtest` WRITE;
/*!40000 ALTER TABLE `tbllabtest` DISABLE KEYS */;
INSERT INTO `tbllabtest` VALUES ('4',3,'Lipid Panel','80-804','Description',1,0,1,4,'2015-02-05 11:46:30.093000',4,'2015-02-04 00:58:44.683000'),('5',3,'Lab Test','80-802','Lab Test Description',1,0,1,4,'2015-02-04 00:58:58.243000',4,'2015-02-04 00:58:58.243000'),('6',3,'Test','90-901','Desc',1,0,1,4,'2015-02-05 11:46:46.633000',4,'2015-02-05 11:31:49.127000');
/*!40000 ALTER TABLE `tbllabtest` ENABLE KEYS */;
UNLOCK TABLES;

--
-- Table structure for table `tbllabtestdetail`
--

DROP TABLE IF EXISTS `tbllabtestdetail`;
/*!40101 SET @saved_cs_client     = @@character_set_client */;
/*!40101 SET character_set_client = utf8 */;
CREATE TABLE `tbllabtestdetail` (
  `labTestDetailPK` int(11) NOT NULL,
  `labTestPK` varchar(50) DEFAULT NULL,
  `specimen` varchar(200) DEFAULT NULL,
  `information` varchar(200) DEFAULT NULL,
  `reference` longtext,
  `tat` varchar(100) DEFAULT NULL,
  `method` varchar(200) DEFAULT NULL,
  `daysSetup` varchar(200) DEFAULT NULL,
  `clinicalUsage` varchar(200) DEFAULT NULL,
  `isActive` tinyint(1) DEFAULT '1',
  `isDelete` tinyint(1) DEFAULT '0',
  `isNew` tinyint(1) DEFAULT '1',
  `updatePK` int(11) DEFAULT '0',
  `updateDate` datetime(6) DEFAULT NULL,
  `createPK` int(11) DEFAULT '0',
  `createDate` datetime(6) DEFAULT NULL,
  PRIMARY KEY (`labTestDetailPK`)
) ENGINE=InnoDB DEFAULT CHARSET=utf8;
/*!40101 SET character_set_client = @saved_cs_client */;

--
-- Dumping data for table `tbllabtestdetail`
--

LOCK TABLES `tbllabtestdetail` WRITE;
/*!40000 ALTER TABLE `tbllabtestdetail` DISABLE KEYS */;
INSERT INTO `tbllabtestdetail` VALUES (2,'4','200 ml','','','','','','',1,0,1,4,'2015-02-05 11:46:30.110000',4,'2015-02-05 11:46:30.110000'),(3,'6','specimen','information','reference','tat','method','days','Usage',1,0,1,4,'2015-02-05 11:46:46.643000',4,'2015-02-05 11:46:46.643000'),(4,'2','Specimen','','','','','','',1,0,1,4,'2015-02-05 11:59:05.863000',4,'2015-02-05 11:59:05.863000');
/*!40000 ALTER TABLE `tbllabtestdetail` ENABLE KEYS */;
UNLOCK TABLES;

--
-- Table structure for table `tbllabtestprice`
--

DROP TABLE IF EXISTS `tbllabtestprice`;
/*!40101 SET @saved_cs_client     = @@character_set_client */;
/*!40101 SET character_set_client = utf8 */;
CREATE TABLE `tbllabtestprice` (
  `labTestPricePK` int(11) NOT NULL,
  `labTestPK` varchar(50) DEFAULT NULL,
  `branchPK` int(11) DEFAULT NULL,
  `price` double DEFAULT NULL,
  `createPK` int(11) DEFAULT NULL,
  `createDate` datetime(6) DEFAULT NULL,
  `updatePK` int(11) DEFAULT NULL,
  `updateDate` datetime(6) DEFAULT NULL,
  PRIMARY KEY (`labTestPricePK`)
) ENGINE=InnoDB DEFAULT CHARSET=utf8;
/*!40101 SET character_set_client = @saved_cs_client */;

--
-- Dumping data for table `tbllabtestprice`
--

LOCK TABLES `tbllabtestprice` WRITE;
/*!40000 ALTER TABLE `tbllabtestprice` DISABLE KEYS */;
/*!40000 ALTER TABLE `tbllabtestprice` ENABLE KEYS */;
UNLOCK TABLES;

--
-- Table structure for table `tbllabtestrequest`
--

DROP TABLE IF EXISTS `tbllabtestrequest`;
/*!40101 SET @saved_cs_client     = @@character_set_client */;
/*!40101 SET character_set_client = utf8 */;
CREATE TABLE `tbllabtestrequest` (
  `labTestRequestPK` varchar(50) NOT NULL,
  `visitPK` varchar(50) DEFAULT NULL,
  `labTestPK` varchar(50) DEFAULT NULL,
  `updatePK` int(11) DEFAULT '0',
  `updateDate` datetime(6) DEFAULT NULL,
  `createPK` int(11) DEFAULT '0',
  `createDate` datetime(6) DEFAULT NULL,
  PRIMARY KEY (`labTestRequestPK`)
) ENGINE=InnoDB DEFAULT CHARSET=utf8;
/*!40101 SET character_set_client = @saved_cs_client */;

--
-- Dumping data for table `tbllabtestrequest`
--

LOCK TABLES `tbllabtestrequest` WRITE;
/*!40000 ALTER TABLE `tbllabtestrequest` DISABLE KEYS */;
INSERT INTO `tbllabtestrequest` VALUES ('18','V20140926CBL01001','5',4,'2015-03-18 23:51:55.733000',4,'2015-03-18 23:51:55.733000'),('20','V20140926CBL01001','4',4,'2015-03-19 10:55:25.643000',4,'2015-03-19 10:55:25.643000'),('21','V20150331CBL01001','4',4,'2015-03-31 13:12:47.800000',4,'2015-03-31 13:12:47.800000');
/*!40000 ALTER TABLE `tbllabtestrequest` ENABLE KEYS */;
UNLOCK TABLES;

--
-- Table structure for table `tblmanufacturer`
--

DROP TABLE IF EXISTS `tblmanufacturer`;
/*!40101 SET @saved_cs_client     = @@character_set_client */;
/*!40101 SET character_set_client = utf8 */;
CREATE TABLE `tblmanufacturer` (
  `manuPK` int(11) NOT NULL,
  `manuName` varchar(100) DEFAULT NULL,
  `manuContact` varchar(100) DEFAULT NULL,
  `manuAddress` longtext,
  `manuEmail` varchar(50) DEFAULT NULL,
  `manuCountry` varchar(50) DEFAULT NULL,
  `isActive` tinyint(1) DEFAULT '1',
  `isDelete` tinyint(1) DEFAULT '0',
  `isNew` tinyint(1) DEFAULT '1',
  `updatePK` int(11) DEFAULT '0',
  `updateDate` datetime(6) DEFAULT NULL,
  `createPK` int(11) DEFAULT '0',
  `createDate` datetime(6) DEFAULT NULL,
  PRIMARY KEY (`manuPK`)
) ENGINE=InnoDB DEFAULT CHARSET=utf8;
/*!40101 SET character_set_client = @saved_cs_client */;

--
-- Dumping data for table `tblmanufacturer`
--

LOCK TABLES `tblmanufacturer` WRITE;
/*!40000 ALTER TABLE `tblmanufacturer` DISABLE KEYS */;
INSERT INTO `tblmanufacturer` VALUES (2,'Exa Myanmar','contact','address','email','USA',1,0,1,4,'2015-01-27 12:13:05.887000',4,'2015-01-27 12:09:41.087000'),(3,'CBL','contact','address','email','USA',1,0,1,4,'2015-01-27 12:13:15.113000',4,'2015-01-27 12:09:48.333000');
/*!40000 ALTER TABLE `tblmanufacturer` ENABLE KEYS */;
UNLOCK TABLES;

--
-- Table structure for table `tblmeddiagnosis`
--

DROP TABLE IF EXISTS `tblmeddiagnosis`;
/*!40101 SET @saved_cs_client     = @@character_set_client */;
/*!40101 SET character_set_client = utf8 */;
CREATE TABLE `tblmeddiagnosis` (
  `medDiagnosisPK` varchar(50) NOT NULL,
  `diagnosisPK` int(11) DEFAULT NULL,
  `visitPK` varchar(50) DEFAULT NULL,
  `createPK` int(11) DEFAULT NULL,
  `createDate` datetime(6) DEFAULT NULL,
  `updatePK` int(11) DEFAULT NULL,
  `updateDate` datetime(6) DEFAULT NULL,
  PRIMARY KEY (`medDiagnosisPK`)
) ENGINE=InnoDB DEFAULT CHARSET=utf8;
/*!40101 SET character_set_client = @saved_cs_client */;

--
-- Dumping data for table `tblmeddiagnosis`
--

LOCK TABLES `tblmeddiagnosis` WRITE;
/*!40000 ALTER TABLE `tblmeddiagnosis` DISABLE KEYS */;
INSERT INTO `tblmeddiagnosis` VALUES ('4',3,'V20140926CBL01001',4,'2015-03-19 00:39:44.387000',4,'2015-03-19 10:55:31.383000'),('7',3,'V20150331CBL01001',4,'2015-03-31 13:13:00.990000',4,'2015-03-31 13:13:00.990000');
/*!40000 ALTER TABLE `tblmeddiagnosis` ENABLE KEYS */;
UNLOCK TABLES;

--
-- Table structure for table `tblmedicine`
--

DROP TABLE IF EXISTS `tblmedicine`;
/*!40101 SET @saved_cs_client     = @@character_set_client */;
/*!40101 SET character_set_client = utf8 */;
CREATE TABLE `tblmedicine` (
  `medPK` int(11) NOT NULL,
  `medName` varchar(50) DEFAULT NULL,
  `medTypePK` int(11) DEFAULT NULL,
  `chemNamePK` int(11) DEFAULT NULL,
  `systemPK` int(11) DEFAULT NULL,
  `manuPK` int(11) DEFAULT NULL,
  `indicationEng` longtext,
  `indicationMyan` longtext,
  `dosageEng` longtext,
  `dosageMyan` longtext,
  `isActive` tinyint(1) DEFAULT '1',
  `isDelete` tinyint(1) DEFAULT '0',
  `isNew` tinyint(1) DEFAULT '1',
  `updatePK` int(11) DEFAULT '0',
  `updateDate` datetime(6) DEFAULT NULL,
  `createPK` int(11) DEFAULT '0',
  `createDate` datetime(6) DEFAULT NULL,
  `image` tinyblob,
  PRIMARY KEY (`medPK`)
) ENGINE=InnoDB DEFAULT CHARSET=utf8;
/*!40101 SET character_set_client = @saved_cs_client */;

--
-- Dumping data for table `tblmedicine`
--

LOCK TABLES `tblmedicine` WRITE;
/*!40000 ALTER TABLE `tblmedicine` DISABLE KEYS */;
INSERT INTO `tblmedicine` VALUES (1,'Med1',1,1,1,2,'Relieve Pain',NULL,'Twice A day',NULL,1,0,0,4,'1900-01-01 00:00:00.000000',4,'1900-01-01 00:00:00.000000',NULL);
/*!40000 ALTER TABLE `tblmedicine` ENABLE KEYS */;
UNLOCK TABLES;

--
-- Table structure for table `tblmedsummary`
--

DROP TABLE IF EXISTS `tblmedsummary`;
/*!40101 SET @saved_cs_client     = @@character_set_client */;
/*!40101 SET character_set_client = utf8 */;
CREATE TABLE `tblmedsummary` (
  `medSummaryPK` int(11) NOT NULL,
  `doctorPK` int(11) DEFAULT NULL,
  `patientPK` varchar(50) DEFAULT NULL,
  `title` longtext,
  `summary` longtext,
  `createPK` int(11) DEFAULT NULL,
  `createDate` date DEFAULT NULL,
  `updatePK` int(11) DEFAULT NULL,
  `updateDate` date DEFAULT NULL,
  PRIMARY KEY (`medSummaryPK`)
) ENGINE=InnoDB DEFAULT CHARSET=utf8;
/*!40101 SET character_set_client = @saved_cs_client */;

--
-- Dumping data for table `tblmedsummary`
--

LOCK TABLES `tblmedsummary` WRITE;
/*!40000 ALTER TABLE `tblmedsummary` DISABLE KEYS */;
INSERT INTO `tblmedsummary` VALUES (7,4,'20140819CBL01003','OMG','This is OMG',4,'2015-03-24',4,'2015-03-24'),(8,4,'20140819CBL01003','Summary 1','This is summary ONE',4,'2015-03-24',4,'2015-03-24'),(9,4,'20140819CBL01003','Summary 2','This is Summary 2',4,'2015-03-24',4,'2015-03-24'),(10,4,'20140819CBL01003','This is just great','Oops',4,'2015-03-24',4,'2015-03-24'),(11,4,'20140819CBL01003','Summary 5','This is Summary 5',4,'2015-03-24',4,'2015-03-24'),(15,4,'20150331CBL01001','Summary 1','Summary Desc',4,'2015-03-31',4,'2015-03-31'),(16,4,'20150331CBL01001','Summary Two','Summary 2 Desc',4,'2015-03-31',4,'2015-03-31'),(17,4,'20150331CBL01001','Summary 3','Summary Three',4,'2015-03-31',4,'2015-03-31');
/*!40000 ALTER TABLE `tblmedsummary` ENABLE KEYS */;
UNLOCK TABLES;

--
-- Table structure for table `tblmedtype`
--

DROP TABLE IF EXISTS `tblmedtype`;
/*!40101 SET @saved_cs_client     = @@character_set_client */;
/*!40101 SET character_set_client = utf8 */;
CREATE TABLE `tblmedtype` (
  `medTypePK` int(11) NOT NULL,
  `medTypeName` longtext,
  `isActive` tinyint(1) DEFAULT '1',
  `isDelete` tinyint(1) DEFAULT '0',
  `isNew` tinyint(1) DEFAULT '1',
  `updatePK` int(11) DEFAULT '0',
  `updateDate` datetime(6) DEFAULT NULL,
  `createPK` int(11) DEFAULT '0',
  `createDate` datetime(6) DEFAULT NULL,
  PRIMARY KEY (`medTypePK`)
) ENGINE=InnoDB DEFAULT CHARSET=utf8;
/*!40101 SET character_set_client = @saved_cs_client */;

--
-- Dumping data for table `tblmedtype`
--

LOCK TABLES `tblmedtype` WRITE;
/*!40000 ALTER TABLE `tblmedtype` DISABLE KEYS */;
INSERT INTO `tblmedtype` VALUES (1,'testttt',1,0,1,4,'2015-01-27 02:29:45.153000',4,'2015-01-27 02:28:09.010000'),(2,'med type 1',1,0,1,4,'2015-01-27 02:28:37.957000',4,'2015-01-27 02:28:37.957000'),(3,'oops 3',1,0,1,4,'2015-01-27 11:41:26.740000',4,'2015-01-27 02:29:04.727000');
/*!40000 ALTER TABLE `tblmedtype` ENABLE KEYS */;
UNLOCK TABLES;

--
-- Table structure for table `tblmedunit`
--

DROP TABLE IF EXISTS `tblmedunit`;
/*!40101 SET @saved_cs_client     = @@character_set_client */;
/*!40101 SET character_set_client = utf8 */;
CREATE TABLE `tblmedunit` (
  `medUnitPK` int(11) NOT NULL,
  `medUnitName` varchar(50) DEFAULT NULL,
  `isActive` tinyint(1) DEFAULT '1',
  `isDelete` tinyint(1) DEFAULT '0',
  `isNew` tinyint(1) DEFAULT '1',
  `updatePK` int(11) DEFAULT '0',
  `updateDate` datetime(6) DEFAULT NULL,
  `createPK` int(11) DEFAULT '0',
  `createDate` datetime(6) DEFAULT NULL,
  PRIMARY KEY (`medUnitPK`)
) ENGINE=InnoDB DEFAULT CHARSET=utf8;
/*!40101 SET character_set_client = @saved_cs_client */;

--
-- Dumping data for table `tblmedunit`
--

LOCK TABLES `tblmedunit` WRITE;
/*!40000 ALTER TABLE `tblmedunit` DISABLE KEYS */;
INSERT INTO `tblmedunit` VALUES (2,'A Lone',1,0,1,4,'2015-02-25 11:33:23.437000',4,'2015-02-25 11:33:15.363000');
/*!40000 ALTER TABLE `tblmedunit` ENABLE KEYS */;
UNLOCK TABLES;

--
-- Table structure for table `tblpacklist`
--

DROP TABLE IF EXISTS `tblpacklist`;
/*!40101 SET @saved_cs_client     = @@character_set_client */;
/*!40101 SET character_set_client = utf8 */;
CREATE TABLE `tblpacklist` (
  `packListPK` int(11) NOT NULL AUTO_INCREMENT,
  `medPK` int(11) NOT NULL,
  `toUnitPK` int(11) DEFAULT '0',
  `fromUnitPK` int(11) DEFAULT '0',
  `packListValue` int(11) DEFAULT '0',
  `isActive` tinyint(1) DEFAULT '1',
  `isDelete` tinyint(1) DEFAULT '0',
  `isNew` tinyint(1) DEFAULT '1',
  `updatePK` int(11) DEFAULT '0',
  `updateDate` datetime(6) DEFAULT NULL,
  `createPK` int(11) DEFAULT '0',
  `createDate` datetime(6) DEFAULT NULL,
  PRIMARY KEY (`packListPK`)
) ENGINE=InnoDB DEFAULT CHARSET=utf8;
/*!40101 SET character_set_client = @saved_cs_client */;

--
-- Dumping data for table `tblpacklist`
--

LOCK TABLES `tblpacklist` WRITE;
/*!40000 ALTER TABLE `tblpacklist` DISABLE KEYS */;
/*!40000 ALTER TABLE `tblpacklist` ENABLE KEYS */;
UNLOCK TABLES;

--
-- Table structure for table `tblpacklisttemp`
--

DROP TABLE IF EXISTS `tblpacklisttemp`;
/*!40101 SET @saved_cs_client     = @@character_set_client */;
/*!40101 SET character_set_client = utf8 */;
CREATE TABLE `tblpacklisttemp` (
  `packListPK` int(11) NOT NULL AUTO_INCREMENT,
  `packListTempName` varchar(50) DEFAULT NULL,
  `toUnitPK` int(11) DEFAULT '0',
  `fromUnitPK` int(11) DEFAULT '0',
  `packListValue` int(11) DEFAULT '0',
  `isActive` tinyint(1) DEFAULT '1',
  `isDelete` tinyint(1) DEFAULT '0',
  `isNew` tinyint(1) DEFAULT '1',
  `updatePK` int(11) DEFAULT '0',
  `updateDate` datetime(6) DEFAULT NULL,
  `createPK` int(11) DEFAULT '0',
  `createDate` datetime(6) DEFAULT NULL,
  PRIMARY KEY (`packListPK`)
) ENGINE=InnoDB DEFAULT CHARSET=utf8;
/*!40101 SET character_set_client = @saved_cs_client */;

--
-- Dumping data for table `tblpacklisttemp`
--

LOCK TABLES `tblpacklisttemp` WRITE;
/*!40000 ALTER TABLE `tblpacklisttemp` DISABLE KEYS */;
/*!40000 ALTER TABLE `tblpacklisttemp` ENABLE KEYS */;
UNLOCK TABLES;

--
-- Table structure for table `tblpatient`
--

DROP TABLE IF EXISTS `tblpatient`;
/*!40101 SET @saved_cs_client     = @@character_set_client */;
/*!40101 SET character_set_client = utf8 */;
CREATE TABLE `tblpatient` (
  `RegNo` varchar(20) NOT NULL,
  `RegDate` date DEFAULT NULL,
  `titlePK` int(11) DEFAULT NULL,
  `Name` varchar(50) DEFAULT NULL,
  `Photo` tinyblob,
  `NRC` varchar(50) DEFAULT NULL,
  `Gender` varchar(10) DEFAULT NULL,
  `FatherName` varchar(50) DEFAULT NULL,
  `DOB` date DEFAULT NULL,
  `Phone` varchar(50) DEFAULT NULL,
  `Address` varchar(200) DEFAULT NULL,
  `email` varchar(50) DEFAULT NULL,
  `isDelete` tinyint(1) DEFAULT '0',
  `createPK` tinyint(1) DEFAULT NULL,
  `createDate` date DEFAULT NULL,
  `updatePK` tinyint(1) DEFAULT NULL,
  `updateDate` date DEFAULT NULL,
  PRIMARY KEY (`RegNo`)
) ENGINE=InnoDB DEFAULT CHARSET=utf8;
/*!40101 SET character_set_client = @saved_cs_client */;

--
-- Dumping data for table `tblpatient`
--

LOCK TABLES `tblpatient` WRITE;
/*!40000 ALTER TABLE `tblpatient` DISABLE KEYS */;
/*!40000 ALTER TABLE `tblpatient` ENABLE KEYS */;
UNLOCK TABLES;

--
-- Table structure for table `tblposition`
--

DROP TABLE IF EXISTS `tblposition`;
/*!40101 SET @saved_cs_client     = @@character_set_client */;
/*!40101 SET character_set_client = utf8 */;
CREATE TABLE `tblposition` (
  `positionPK` int(11) NOT NULL,
  `position` varchar(50) DEFAULT NULL,
  `isDelete` tinyint(1) DEFAULT '0',
  `isActive` tinyint(1) DEFAULT '1',
  `createPK` int(11) DEFAULT NULL,
  `createDate` datetime(6) DEFAULT NULL,
  `updatePK` int(11) DEFAULT NULL,
  `updateDate` datetime(6) DEFAULT NULL,
  PRIMARY KEY (`positionPK`)
) ENGINE=InnoDB DEFAULT CHARSET=utf8;
/*!40101 SET character_set_client = @saved_cs_client */;

--
-- Dumping data for table `tblposition`
--

LOCK TABLES `tblposition` WRITE;
/*!40000 ALTER TABLE `tblposition` DISABLE KEYS */;
INSERT INTO `tblposition` VALUES (2,'MO',0,1,4,'2014-08-24 18:11:42.410000',4,'2014-08-24 18:11:42.410000'),(3,'Specialist',0,1,4,'2014-08-24 18:12:03.067000',4,'2014-08-24 18:12:03.067000');
/*!40000 ALTER TABLE `tblposition` ENABLE KEYS */;
UNLOCK TABLES;

--
-- Table structure for table `tblspecialize`
--

DROP TABLE IF EXISTS `tblspecialize`;
/*!40101 SET @saved_cs_client     = @@character_set_client */;
/*!40101 SET character_set_client = utf8 */;
CREATE TABLE `tblspecialize` (
  `specializePK` int(11) NOT NULL,
  `specialize` varchar(50) DEFAULT NULL,
  `isActive` tinyint(1) DEFAULT '1',
  `isDelete` tinyint(1) DEFAULT '0',
  `createPK` int(11) DEFAULT NULL,
  `createDate` date DEFAULT NULL,
  `updatePK` int(11) DEFAULT NULL,
  `updateDate` date DEFAULT NULL,
  PRIMARY KEY (`specializePK`)
) ENGINE=InnoDB DEFAULT CHARSET=utf8;
/*!40101 SET character_set_client = @saved_cs_client */;

--
-- Dumping data for table `tblspecialize`
--

LOCK TABLES `tblspecialize` WRITE;
/*!40000 ALTER TABLE `tblspecialize` DISABLE KEYS */;
INSERT INTO `tblspecialize` VALUES (4,'Liver',1,0,4,'2014-08-20',4,'2014-08-20'),(5,'GENERAL',1,0,4,'2015-01-17',4,'2015-01-17'),(6,'CARDIOLOGY',1,0,4,'2015-01-17',4,'2015-01-17');
/*!40000 ALTER TABLE `tblspecialize` ENABLE KEYS */;
UNLOCK TABLES;

--
-- Table structure for table `tblsummary`
--

DROP TABLE IF EXISTS `tblsummary`;
/*!40101 SET @saved_cs_client     = @@character_set_client */;
/*!40101 SET character_set_client = utf8 */;
CREATE TABLE `tblsummary` (
  `summaryPK` int(11) NOT NULL,
  `doctorPK` int(11) DEFAULT NULL,
  `patientPK` int(11) DEFAULT NULL,
  `summary` longtext,
  `isNew` tinyint(1) DEFAULT NULL,
  `isUpdate` tinyint(1) DEFAULT NULL,
  `createPK` int(11) DEFAULT NULL,
  `createDate` datetime(6) DEFAULT NULL,
  `updatePK` int(11) DEFAULT NULL,
  `updateDate` datetime(6) DEFAULT NULL,
  PRIMARY KEY (`summaryPK`)
) ENGINE=InnoDB DEFAULT CHARSET=utf8;
/*!40101 SET character_set_client = @saved_cs_client */;

--
-- Dumping data for table `tblsummary`
--

LOCK TABLES `tblsummary` WRITE;
/*!40000 ALTER TABLE `tblsummary` DISABLE KEYS */;
/*!40000 ALTER TABLE `tblsummary` ENABLE KEYS */;
UNLOCK TABLES;

--
-- Table structure for table `tbltitle`
--

DROP TABLE IF EXISTS `tbltitle`;
/*!40101 SET @saved_cs_client     = @@character_set_client */;
/*!40101 SET character_set_client = utf8 */;
CREATE TABLE `tbltitle` (
  `titlePK` int(11) NOT NULL,
  `TitleName` varchar(50) NOT NULL,
  `isActive` tinyint(1) DEFAULT '1',
  `isDelete` tinyint(1) DEFAULT '0',
  `createPK` int(11) DEFAULT NULL,
  `createDate` datetime(6) DEFAULT NULL,
  `updatePK` int(11) DEFAULT NULL,
  `updateDate` datetime(6) DEFAULT NULL,
  PRIMARY KEY (`titlePK`)
) ENGINE=InnoDB DEFAULT CHARSET=utf8;
/*!40101 SET character_set_client = @saved_cs_client */;

--
-- Dumping data for table `tbltitle`
--

LOCK TABLES `tbltitle` WRITE;
/*!40000 ALTER TABLE `tbltitle` DISABLE KEYS */;
INSERT INTO `tbltitle` VALUES (2,'U',1,0,4,NULL,NULL,NULL),(6,'DR',1,0,4,'2014-08-14 23:58:55.227000',4,'2015-01-17 00:07:48.400000'),(7,'Daw',1,0,4,'2014-08-15 12:46:24.407000',4,'2014-08-15 12:46:24.407000'),(8,'Mg',1,0,4,'2014-08-23 11:46:36.957000',4,'2014-08-23 11:46:36.957000');
/*!40000 ALTER TABLE `tbltitle` ENABLE KEYS */;
UNLOCK TABLES;

--
-- Table structure for table `tbltreatment`
--

DROP TABLE IF EXISTS `tbltreatment`;
/*!40101 SET @saved_cs_client     = @@character_set_client */;
/*!40101 SET character_set_client = utf8 */;
CREATE TABLE `tbltreatment` (
  `treatmentPK` int(11) NOT NULL,
  `visitPK` varchar(50) DEFAULT NULL,
  `medPK` int(11) DEFAULT NULL,
  `dosage` varchar(200) DEFAULT NULL,
  `frequencyPK` int(11) DEFAULT NULL,
  `duration` varchar(100) DEFAULT NULL,
  `treatmentRemarks` longtext,
  `createPK` int(11) DEFAULT NULL,
  `createDate` datetime(6) DEFAULT NULL,
  `updatePK` int(11) DEFAULT NULL,
  `updateDate` datetime(6) DEFAULT NULL,
  `isDelete` tinyint(1) DEFAULT NULL,
  PRIMARY KEY (`treatmentPK`)
) ENGINE=InnoDB DEFAULT CHARSET=utf8;
/*!40101 SET character_set_client = @saved_cs_client */;

--
-- Dumping data for table `tbltreatment`
--

LOCK TABLES `tbltreatment` WRITE;
/*!40000 ALTER TABLE `tbltreatment` DISABLE KEYS */;
INSERT INTO `tbltreatment` VALUES (2,'V20140926CBL01001',1,'tabletssss',4,'One Month','Remarks',4,'2015-03-19 12:06:42.980000',4,'2015-03-19 12:11:05.760000',NULL),(3,'V20150331CBL01001',1,'Two',4,'1 month','Remarks',4,'2015-03-31 13:36:12.567000',4,'2015-03-31 13:36:12.570000',NULL);
/*!40000 ALTER TABLE `tbltreatment` ENABLE KEYS */;
UNLOCK TABLES;

--
-- Table structure for table `tbltreatmenttype`
--

DROP TABLE IF EXISTS `tbltreatmenttype`;
/*!40101 SET @saved_cs_client     = @@character_set_client */;
/*!40101 SET character_set_client = utf8 */;
CREATE TABLE `tbltreatmenttype` (
  `treatmentPK` int(11) NOT NULL,
  `treatmentType` varchar(20) DEFAULT NULL,
  PRIMARY KEY (`treatmentPK`)
) ENGINE=InnoDB DEFAULT CHARSET=utf8;
/*!40101 SET character_set_client = @saved_cs_client */;

--
-- Dumping data for table `tbltreatmenttype`
--

LOCK TABLES `tbltreatmenttype` WRITE;
/*!40000 ALTER TABLE `tbltreatmenttype` DISABLE KEYS */;
INSERT INTO `tbltreatmenttype` VALUES (1,'Oral'),(2,'Injection');
/*!40000 ALTER TABLE `tbltreatmenttype` ENABLE KEYS */;
UNLOCK TABLES;

--
-- Table structure for table `tblvisit`
--

DROP TABLE IF EXISTS `tblvisit`;
/*!40101 SET @saved_cs_client     = @@character_set_client */;
/*!40101 SET character_set_client = utf8 */;
CREATE TABLE `tblvisit` (
  `visitPK` varchar(20) NOT NULL,
  `RegNo` varchar(20) DEFAULT NULL,
  `visitDate` date DEFAULT NULL,
  `visitDescription` varchar(100) DEFAULT NULL,
  `doctorPK` int(11) DEFAULT NULL,
  `visitWeight` int(11) DEFAULT NULL,
  `visitFeet` int(11) DEFAULT NULL,
  `inch` int(11) DEFAULT NULL,
  `bmi` decimal(10,2) DEFAULT NULL,
  `bloodType` varchar(10) DEFAULT NULL,
  `createPK` int(11) DEFAULT NULL,
  `createDate` datetime(6) DEFAULT NULL,
  `updatePK` int(11) DEFAULT NULL,
  `updateDate` datetime(6) DEFAULT NULL,
  `remarks` longtext,
  PRIMARY KEY (`visitPK`)
) ENGINE=InnoDB DEFAULT CHARSET=utf8;
/*!40101 SET character_set_client = @saved_cs_client */;

--
-- Dumping data for table `tblvisit`
--

LOCK TABLES `tblvisit` WRITE;
/*!40000 ALTER TABLE `tblvisit` DISABLE KEYS */;
INSERT INTO `tblvisit` VALUES ('V20140925CBL01001','20140820CBL01001','2014-09-25','',3,130,5,6,20.98,'AB',4,'2014-09-25 20:29:34.100000',4,'2014-09-26 06:37:17.240000',NULL),('V20140926CBL01001','20140819CBL01003','2014-09-26','12\'B, (*)',3,140,5,4,24.03,'AB',4,'2014-09-26 05:40:05.203000',4,'2015-03-19 12:33:36.437000','This is remarks'),('V20140930CBL01001','20140820CBL01001','2014-09-30','',4,140,5,6,22.59,'AB',4,'2014-09-30 14:17:43.093000',4,'2014-09-30 14:44:25.887000',NULL),('V20140930CBL01002','20140930CBL01003','2014-09-30','',3,150,5,8,22.80,'AB',4,'2014-09-30 15:43:03.190000',NULL,NULL,NULL),('V20140930CBL01003','20140819CBL01004','2014-09-30','',3,160,5,5,26.62,'Rh-',4,'2014-09-30 15:46:03.720000',4,'2014-09-30 15:46:26.357000',NULL),('V20141003CBL01001','20141003CBL01001','2014-10-03','',3,140,5,3,24.80,'AB',4,'2014-10-03 14:29:22.510000',NULL,NULL,NULL),('V20150331CBL01001','20150331CBL01001','2015-03-31','',3,113,5,0,22.07,'Rh-',4,'2015-03-31 13:10:13.620000',4,'2015-03-31 13:14:04.940000','Remarks');
/*!40000 ALTER TABLE `tblvisit` ENABLE KEYS */;
UNLOCK TABLES;

--
-- Table structure for table `tblvitalsign`
--

DROP TABLE IF EXISTS `tblvitalsign`;
/*!40101 SET @saved_cs_client     = @@character_set_client */;
/*!40101 SET character_set_client = utf8 */;
CREATE TABLE `tblvitalsign` (
  `vitalSignPK` int(11) NOT NULL,
  `visitPK` int(11) DEFAULT NULL,
  `time` datetime(6) DEFAULT NULL,
  `t` varchar(50) DEFAULT NULL,
  `bp` varchar(50) DEFAULT NULL,
  `hr` varchar(50) DEFAULT NULL,
  `rr` varchar(50) DEFAULT NULL,
  `spo2` varchar(50) DEFAULT NULL,
  `createPK` int(11) DEFAULT NULL,
  `createDate` datetime(6) DEFAULT NULL,
  `updatePK` int(11) DEFAULT NULL,
  `updateDate` datetime(6) DEFAULT NULL,
  PRIMARY KEY (`vitalSignPK`)
) ENGINE=InnoDB DEFAULT CHARSET=utf8;
/*!40101 SET character_set_client = @saved_cs_client */;

--
-- Dumping data for table `tblvitalsign`
--

LOCK TABLES `tblvitalsign` WRITE;
/*!40000 ALTER TABLE `tblvitalsign` DISABLE KEYS */;
/*!40000 ALTER TABLE `tblvitalsign` ENABLE KEYS */;
UNLOCK TABLES;

--
-- Dumping events for database 'medipro'
--

--
-- Dumping routines for database 'medipro'
--
/*!40103 SET TIME_ZONE=@OLD_TIME_ZONE */;

/*!40101 SET SQL_MODE=@OLD_SQL_MODE */;
/*!40014 SET FOREIGN_KEY_CHECKS=@OLD_FOREIGN_KEY_CHECKS */;
/*!40014 SET UNIQUE_CHECKS=@OLD_UNIQUE_CHECKS */;
/*!40101 SET CHARACTER_SET_CLIENT=@OLD_CHARACTER_SET_CLIENT */;
/*!40101 SET CHARACTER_SET_RESULTS=@OLD_CHARACTER_SET_RESULTS */;
/*!40101 SET COLLATION_CONNECTION=@OLD_COLLATION_CONNECTION */;
/*!40111 SET SQL_NOTES=@OLD_SQL_NOTES */;

-- Dump completed on 2015-04-27 14:03:06
